Wavelength(nm),Li S ratio (time proxy),0,0.206185567,0.215053763,0.222222222,0.229885057,0.240963855,0.25,0.25974026,0.273972603,0.285714286,0.298507463,0.317460317,0.333333333,0.350877193,0.377358491,0.4,0.425531915,0.465116279,0.5
235.66,,0.66403,0.90169,0.91273,0.74476,0.92164,0.9551,0.75728,0.9197,0.80219,0.77044,0.79269,0.74165,0.7739,0.74879,0.74964,0.76943,0.76298,0.75686,0.74562
236.44,,0.64161,0.87173,0.88727,0.72041,0.89269,0.92312,0.73422,0.89415,0.78206,0.7491,0.77336,0.7216,0.75526,0.73066,0.73002,0.74946,0.74063,0.73553,0.73092
237.23,,0.61625,0.84148,0.85452,0.69805,0.86486,0.88876,0.7135,0.8625,0.75926,0.72466,0.75016,0.69813,0.73075,0.70554,0.71119,0.72408,0.72278,0.71689,0.71022
238.01,,0.59297,0.80727,0.82371,0.6728,0.83409,0.86066,0.68938,0.83629,0.73835,0.70643,0.72425,0.67797,0.70828,0.68504,0.68853,0.7028,0.70037,0.69382,0.68532
238.79,,0.57359,0.78844,0.802,0.65732,0.81052,0.84092,0.67219,0.81213,0.71762,0.68642,0.71102,0.66162,0.69563,0.6697,0.67295,0.68851,0.68636,0.68483,0.67052
239.58,,0.54989,0.76543,0.77832,0.63677,0.7888,0.81383,0.653,0.78789,0.69714,0.66596,0.69061,0.6456,0.67406,0.65377,0.65492,0.66729,0.66816,0.66399,0.65337
240.36,,0.52669,0.73298,0.74891,0.61224,0.75319,0.78307,0.63048,0.76157,0.67453,0.64829,0.66848,0.62155,0.65414,0.62964,0.6354,0.65157,0.65005,0.64301,0.63712
241.14,,0.50683,0.70746,0.72467,0.59898,0.73043,0.75469,0.61334,0.7337,0.64995,0.62502,0.64206,0.60518,0.63556,0.61289,0.6182,0.63239,0.63126,0.62879,0.61716
241.93,,0.48806,0.67655,0.69562,0.57453,0.70347,0.72604,0.59191,0.70402,0.63201,0.60526,0.62301,0.58399,0.61629,0.5955,0.59913,0.60944,0.60932,0.60559,0.60225
242.71,,0.47227,0.66147,0.67624,0.56193,0.6845,0.7072,0.57385,0.69072,0.61512,0.58701,0.61081,0.56921,0.59933,0.57832,0.58158,0.59435,0.59776,0.59879,0.58643
243.49,,0.45463,0.63162,0.6514,0.53901,0.65738,0.68339,0.55815,0.6655,0.59868,0.57282,0.59168,0.55332,0.58067,0.56334,0.57215,0.57517,0.57909,0.57402,0.56878
244.28,,0.4386,0.61785,0.64242,0.5253,0.64205,0.66444,0.53959,0.64182,0.58024,0.55442,0.58171,0.53686,0.56453,0.54544,0.55191,0.56204,0.56735,0.56503,0.5552
245.06,,0.43064,0.61315,0.62986,0.51782,0.63781,0.6651,0.53491,0.64167,0.57364,0.54946,0.56823,0.53073,0.55605,0.54344,0.54415,0.54785,0.55662,0.55514,0.54607
245.84,,0.42495,0.59631,0.61396,0.50719,0.61875,0.64212,0.52573,0.62733,0.56195,0.54215,0.55945,0.52036,0.54862,0.52633,0.53277,0.54653,0.54646,0.54444,0.53752
246.63,,0.41904,0.59296,0.60819,0.50439,0.62133,0.64381,0.51937,0.62138,0.55181,0.52941,0.54914,0.51725,0.53734,0.52154,0.52728,0.53453,0.53805,0.53869,0.52666
247.41,,0.42552,0.60143,0.62005,0.50574,0.62227,0.64915,0.52548,0.62823,0.56594,0.53915,0.55777,0.51967,0.54712,0.52601,0.53199,0.54512,0.54179,0.53586,0.53598
248.19,,0.42408,0.5965,0.61483,0.50149,0.6218,0.64577,0.51993,0.62714,0.55287,0.5277,0.5494,0.51534,0.53689,0.52017,0.52647,0.53836,0.53893,0.53437,0.5285
248.97,,0.42105,0.58875,0.60324,0.4953,0.61115,0.63614,0.51091,0.61373,0.54971,0.52758,0.54276,0.50759,0.52888,0.5146,0.51951,0.52737,0.52856,0.52571,0.52111
249.76,,0.4223,0.5887,0.60316,0.49403,0.60968,0.63309,0.50806,0.61215,0.54437,0.51905,0.54086,0.50233,0.52953,0.51206,0.51464,0.52648,0.52885,0.52203,0.51508
250.54,,0.42671,0.5967,0.60951,0.49386,0.61742,0.63906,0.50853,0.61547,0.54502,0.52409,0.5412,0.50742,0.52731,0.51279,0.51759,0.52561,0.5273,0.5217,0.51709
251.32,,0.43189,0.59375,0.6094,0.49383,0.61449,0.63533,0.50535,0.61322,0.54366,0.51902,0.53835,0.50104,0.52492,0.50749,0.508,0.52309,0.5251,0.51666,0.51322
252.11,,0.43253,0.59303,0.60545,0.49219,0.61234,0.63425,0.50408,0.61071,0.53857,0.51462,0.53104,0.49619,0.51813,0.50212,0.50233,0.51526,0.51396,0.5097,0.50325
252.89,,0.44327,0.60113,0.61233,0.49518,0.61891,0.63996,0.50555,0.61574,0.54337,0.51841,0.53584,0.49887,0.52083,0.50235,0.50415,0.51549,0.51867,0.51138,0.50695
253.67,,0.44729,0.60328,0.61476,0.49628,0.61967,0.63897,0.50534,0.61479,0.54114,0.5157,0.53257,0.49697,0.51715,0.50027,0.50064,0.51198,0.51207,0.50724,0.50081
254.45,,0.45273,0.6047,0.61293,0.49495,0.61791,0.63937,0.50253,0.61413,0.53989,0.5154,0.52791,0.49163,0.51307,0.4954,0.49583,0.50726,0.50842,0.49979,0.49601
255.24,,0.46008,0.60849,0.62032,0.49701,0.621,0.6422,0.50422,0.61552,0.53978,0.51456,0.52931,0.49246,0.51036,0.49155,0.49409,0.50619,0.50526,0.49887,0.49218
256.02,,0.46737,0.61272,0.62339,0.49763,0.62378,0.64337,0.5051,0.61875,0.54018,0.51521,0.5265,0.48971,0.51088,0.48987,0.48983,0.50543,0.50134,0.49333,0.49124
256.8,,0.47219,0.61444,0.62307,0.49698,0.624,0.64473,0.50269,0.61733,0.53775,0.51265,0.52642,0.48888,0.50628,0.48631,0.48461,0.50106,0.49725,0.48925,0.48588
257.59,,0.4783,0.61607,0.62508,0.49784,0.62441,0.64224,0.50235,0.61573,0.5348,0.50981,0.52277,0.48561,0.50259,0.48207,0.48151,0.49737,0.49304,0.48569,0.48049
258.37,,0.48319,0.61845,0.62663,0.49785,0.62457,0.64592,0.50215,0.61669,0.53347,0.51062,0.5217,0.48447,0.50124,0.48042,0.47693,0.49499,0.48728,0.47906,0.47849
259.15,,0.48669,0.61995,0.62845,0.49866,0.6263,0.64498,0.50077,0.61715,0.53318,0.50774,0.51871,0.48288,0.50006,0.47737,0.47451,0.49182,0.48487,0.47682,0.47268
259.93,,0.49138,0.62073,0.62754,0.49823,0.62439,0.64541,0.50104,0.61483,0.53083,0.50748,0.51713,0.4791,0.49659,0.47338,0.47112,0.49026,0.48131,0.47247,0.47087
260.72,,0.49409,0.62363,0.62811,0.4976,0.62508,0.64496,0.4984,0.61537,0.53003,0.50487,0.51559,0.4769,0.49357,0.47093,0.46773,0.48667,0.47747,0.46878,0.4663
261.5,,0.49539,0.62166,0.62884,0.49644,0.62393,0.64536,0.49747,0.61487,0.52725,0.50226,0.51232,0.47614,0.49131,0.46777,0.46491,0.48311,0.47379,0.46398,0.46331
262.28,,0.49777,0.62133,0.62633,0.49509,0.62241,0.64206,0.49584,0.6121,0.52569,0.50169,0.50964,0.4743,0.48957,0.46575,0.46233,0.48122,0.47217,0.46182,0.46086
263.06,,0.49783,0.62114,0.626,0.49377,0.62183,0.64044,0.49518,0.61123,0.52269,0.49988,0.50771,0.47092,0.48689,0.46262,0.45932,0.47792,0.46913,0.4581,0.45721
263.85,,0.49692,0.62024,0.62482,0.49196,0.61929,0.63874,0.49259,0.60929,0.52221,0.49734,0.50578,0.46895,0.48379,0.46002,0.45675,0.47486,0.46614,0.45582,0.45523
264.63,,0.49681,0.61746,0.62293,0.49155,0.6177,0.63676,0.49044,0.60697,0.52014,0.49488,0.50362,0.46702,0.48153,0.45775,0.45383,0.47304,0.46431,0.45273,0.45233
265.41,,0.49551,0.61599,0.62034,0.48891,0.61453,0.6339,0.48886,0.60427,0.51763,0.49341,0.50119,0.46498,0.48003,0.4559,0.4511,0.47093,0.46157,0.45067,0.45059
266.19,,0.49353,0.61384,0.6184,0.48712,0.61277,0.63205,0.48696,0.60324,0.5155,0.49033,0.49966,0.46349,0.47736,0.45492,0.45018,0.46917,0.45887,0.44783,0.44765
266.97,,0.49211,0.61191,0.61672,0.48565,0.61096,0.62993,0.48455,0.60033,0.51374,0.48945,0.49795,0.46236,0.47604,0.45202,0.44807,0.46709,0.45869,0.44791,0.44643
267.76,,0.49073,0.61016,0.61435,0.48335,0.60947,0.62917,0.48326,0.59873,0.51212,0.48748,0.4964,0.46053,0.47356,0.45033,0.44675,0.46581,0.45542,0.44481,0.44547
268.54,,0.4882,0.60832,0.61334,0.48192,0.60814,0.62679,0.48219,0.59803,0.5121,0.48633,0.49532,0.46006,0.47264,0.44994,0.44569,0.46398,0.45573,0.4447,0.44353
269.32,,0.48627,0.60613,0.61078,0.48015,0.60618,0.62473,0.48058,0.59559,0.51038,0.48497,0.49373,0.45859,0.4724,0.44943,0.44498,0.46346,0.45421,0.44345,0.4423
270.1,,0.48492,0.60536,0.60962,0.4799,0.6054,0.62378,0.47899,0.59438,0.50873,0.4851,0.49224,0.4577,0.47113,0.44847,0.4447,0.4618,0.45386,0.44394,0.44222
270.89,,0.48225,0.60338,0.60908,0.47798,0.60373,0.62197,0.47843,0.5938,0.50753,0.48415,0.49131,0.45728,0.47079,0.44826,0.44315,0.46205,0.45224,0.44225,0.44167
271.67,,0.48122,0.60245,0.60753,0.47823,0.6029,0.6214,0.47854,0.59384,0.50667,0.48275,0.49104,0.45689,0.47024,0.44737,0.44378,0.46073,0.45299,0.44199,0.44115
272.45,,0.47943,0.60109,0.60622,0.47788,0.6022,0.62005,0.47743,0.59247,0.50597,0.48271,0.49048,0.45607,0.46936,0.44726,0.44283,0.46096,0.45303,0.44229,0.44095
273.23,,0.47791,0.60006,0.60486,0.47687,0.59997,0.61909,0.47682,0.59095,0.50452,0.48185,0.49006,0.45618,0.46914,0.44712,0.44344,0.46103,0.45193,0.44228,0.44053
274.01,,0.47686,0.59884,0.60392,0.47571,0.59945,0.61943,0.47526,0.58975,0.50514,0.48139,0.48939,0.45583,0.46865,0.44673,0.44237,0.45943,0.45183,0.44173,0.44077
274.8,,0.4748,0.59861,0.60386,0.47516,0.59872,0.61758,0.47565,0.58999,0.50416,0.48028,0.48913,0.45578,0.46899,0.44685,0.44322,0.46,0.45215,0.44225,0.44126
275.58,,0.47307,0.59693,0.6037,0.47505,0.59851,0.6173,0.47611,0.5895,0.50446,0.48037,0.48914,0.45636,0.46886,0.44747,0.4428,0.4597,0.45302,0.44261,0.44002
276.36,,0.47188,0.59631,0.60216,0.4739,0.59806,0.61599,0.4757,0.5894,0.50439,0.48095,0.49004,0.45574,0.46933,0.44675,0.44399,0.46011,0.4524,0.44286,0.44156
277.14,,0.46963,0.59497,0.60146,0.47426,0.59717,0.61672,0.47438,0.58748,0.50334,0.47981,0.48928,0.45638,0.46911,0.4475,0.44451,0.46082,0.45338,0.44423,0.44191
277.92,,0.46772,0.59382,0.60016,0.4723,0.59622,0.61555,0.47397,0.58737,0.50348,0.47922,0.4892,0.45662,0.46929,0.44797,0.44447,0.46019,0.45266,0.44286,0.44134
278.7,,0.46514,0.59321,0.59943,0.47209,0.59581,0.6152,0.47381,0.58799,0.50269,0.47909,0.48925,0.45656,0.4693,0.44878,0.44589,0.46044,0.45425,0.44412,0.442
279.49,,0.46324,0.59073,0.59683,0.47181,0.59494,0.61287,0.47333,0.5858,0.50221,0.48039,0.48795,0.45573,0.4693,0.44805,0.44517,0.46081,0.4541,0.44464,0.44294
280.27,,0.45943,0.58806,0.59356,0.47014,0.59206,0.61048,0.472,0.58386,0.50121,0.4781,0.48785,0.45492,0.46842,0.44927,0.44595,0.46048,0.45416,0.44495,0.44237
281.05,,0.45586,0.58561,0.59263,0.46857,0.58971,0.60873,0.47117,0.58219,0.50041,0.478,0.48769,0.45566,0.46831,0.44874,0.44647,0.46032,0.45472,0.44539,0.44361
281.83,,0.45216,0.58322,0.58941,0.46651,0.58777,0.60686,0.47065,0.57987,0.4987,0.4766,0.48712,0.45456,0.46869,0.44884,0.44591,0.45974,0.45479,0.44551,0.4439
282.61,,0.44777,0.58029,0.58607,0.46444,0.5856,0.60423,0.46818,0.57858,0.49762,0.47527,0.48481,0.45379,0.46812,0.44879,0.44635,0.46005,0.45501,0.44638,0.44428
283.39,,0.44305,0.57599,0.58204,0.46281,0.58147,0.60034,0.46677,0.57551,0.49588,0.47424,0.48508,0.45263,0.46725,0.44753,0.44618,0.46049,0.45554,0.44699,0.44386
284.18,,0.43721,0.5709,0.57654,0.45996,0.57789,0.59588,0.46404,0.57128,0.49334,0.47202,0.48262,0.45153,0.46516,0.44733,0.44614,0.45799,0.45424,0.44677,0.4438
284.96,,0.42985,0.56356,0.57097,0.45542,0.57141,0.59001,0.46074,0.56628,0.49081,0.46876,0.47902,0.44931,0.46315,0.44519,0.44476,0.45668,0.45241,0.44562,0.44293
285.74,,0.42354,0.5584,0.56547,0.45273,0.56708,0.58605,0.45794,0.56104,0.4869,0.46592,0.47695,0.44751,0.46188,0.44463,0.4441,0.45569,0.45363,0.44708,0.44237
286.52,,0.41827,0.55396,0.5624,0.44994,0.56409,0.58273,0.45634,0.56007,0.48609,0.46565,0.47576,0.44723,0.4617,0.44522,0.44453,0.45556,0.4532,0.44673,0.44283
287.3,,0.41108,0.54922,0.55793,0.44656,0.56011,0.57905,0.45377,0.55642,0.4848,0.46365,0.47479,0.44665,0.461,0.4454,0.44506,0.45504,0.4534,0.44774,0.44275
288.08,,0.405,0.54512,0.55399,0.44372,0.55687,0.57574,0.45128,0.55384,0.48174,0.46163,0.47353,0.44486,0.45921,0.4448,0.44497,0.45441,0.45296,0.44821,0.44365
288.86,,0.3971,0.5395,0.5483,0.44002,0.5524,0.57134,0.44854,0.54948,0.47956,0.45914,0.47176,0.44388,0.45902,0.44406,0.44454,0.45405,0.45468,0.44869,0.44392
289.65,,0.38937,0.53363,0.5423,0.43631,0.54806,0.56625,0.44576,0.54456,0.4769,0.45644,0.46929,0.4421,0.45729,0.44342,0.44467,0.4525,0.4536,0.44981,0.44439
290.43,,0.38149,0.52665,0.53593,0.4325,0.54157,0.56013,0.44316,0.53913,0.4747,0.45439,0.4663,0.44014,0.45556,0.4421,0.44416,0.45179,0.45315,0.44854,0.44384
291.21,,0.37265,0.51973,0.52995,0.4278,0.53632,0.55585,0.43858,0.53529,0.4706,0.45083,0.46542,0.43851,0.45352,0.44148,0.44439,0.45021,0.45315,0.44941,0.44347
291.99,,0.3642,0.51268,0.5241,0.42333,0.53076,0.55025,0.43572,0.5306,0.46866,0.44884,0.46253,0.43549,0.45187,0.44026,0.44296,0.44925,0.4526,0.44966,0.44343
292.77,,0.35504,0.5055,0.51705,0.41857,0.52469,0.54457,0.43055,0.52505,0.46388,0.44426,0.46005,0.43458,0.4499,0.43926,0.44317,0.44687,0.45197,0.44907,0.44342
293.55,,0.34615,0.49791,0.50948,0.41395,0.51818,0.53683,0.42727,0.51924,0.46021,0.44166,0.45607,0.43189,0.44692,0.43607,0.44154,0.44482,0.45069,0.44932,0.44211
294.33,,0.33707,0.49,0.5022,0.40875,0.51131,0.53137,0.42267,0.51287,0.45701,0.43703,0.45341,0.42845,0.44524,0.43504,0.43992,0.44338,0.45091,0.44893,0.44188
295.11,,0.32745,0.4812,0.49436,0.40365,0.50425,0.52394,0.41851,0.50635,0.45209,0.43365,0.4508,0.42625,0.44282,0.43468,0.43845,0.44128,0.44975,0.44934,0.43982
295.9,,0.31736,0.4737,0.48657,0.39797,0.49746,0.51618,0.41363,0.49967,0.44974,0.4298,0.44663,0.42334,0.4396,0.43161,0.43712,0.43871,0.4479,0.44695,0.43918
296.68,,0.30734,0.46481,0.47913,0.39278,0.48973,0.51046,0.40899,0.4939,0.44478,0.42598,0.44336,0.42023,0.43649,0.42982,0.43652,0.43639,0.44575,0.4455,0.43782
297.46,,0.29842,0.45672,0.4715,0.38742,0.4834,0.50256,0.40494,0.48801,0.44072,0.42177,0.43959,0.4164,0.43464,0.42806,0.43374,0.4342,0.44498,0.44471,0.43743
298.24,,0.28951,0.44818,0.46343,0.38169,0.47651,0.49524,0.39995,0.48119,0.43574,0.41726,0.43609,0.41355,0.43135,0.42537,0.43226,0.43173,0.4427,0.44353,0.43589
299.02,,0.27908,0.43998,0.4553,0.3765,0.46879,0.48822,0.39506,0.47376,0.43229,0.41379,0.43265,0.41059,0.42824,0.42377,0.43129,0.42941,0.44287,0.44418,0.43411
299.8,,0.26984,0.4316,0.44711,0.37013,0.46169,0.48117,0.39029,0.46799,0.42775,0.4097,0.42886,0.40765,0.42619,0.42176,0.42974,0.4272,0.44011,0.44171,0.43303
300.58,,0.25935,0.42318,0.43835,0.36464,0.45421,0.47364,0.38486,0.46028,0.4236,0.40485,0.42447,0.40357,0.42205,0.41908,0.42723,0.42369,0.43835,0.44115,0.4306
301.36,,0.25066,0.41555,0.43162,0.35923,0.44757,0.46725,0.38056,0.45432,0.41925,0.40017,0.42113,0.39958,0.41841,0.41658,0.42432,0.42087,0.43668,0.43983,0.42922
302.14,,0.24214,0.40688,0.4241,0.35438,0.44046,0.45968,0.37563,0.44765,0.41414,0.3962,0.41629,0.39719,0.41593,0.41443,0.42353,0.41835,0.43337,0.43731,0.42684
302.92,,0.2337,0.40028,0.41779,0.34888,0.4351,0.4546,0.37071,0.44279,0.41045,0.39258,0.41286,0.39478,0.41196,0.41228,0.42133,0.41557,0.43326,0.43704,0.42544
303.7,,0.22602,0.39246,0.41064,0.34437,0.42803,0.44732,0.36701,0.43714,0.40574,0.38895,0.40915,0.39073,0.40888,0.40961,0.41887,0.41335,0.43137,0.43582,0.42344
304.48,,0.21839,0.38504,0.40274,0.33977,0.42109,0.44046,0.36248,0.42984,0.40148,0.38419,0.40566,0.38725,0.40556,0.40635,0.41626,0.40978,0.42921,0.43316,0.42143
305.26,,0.21068,0.37822,0.396,0.33428,0.41525,0.43433,0.35821,0.42451,0.39755,0.38029,0.40226,0.38353,0.40185,0.40384,0.41441,0.40655,0.42618,0.43226,0.41915
306.05,,0.203,0.37202,0.39054,0.32939,0.40911,0.42793,0.35362,0.41891,0.39359,0.37617,0.39849,0.38162,0.39932,0.40133,0.4116,0.40398,0.42493,0.43006,0.41712
306.83,,0.19641,0.36616,0.38412,0.32523,0.4041,0.42259,0.3494,0.41331,0.3893,0.37251,0.39499,0.3782,0.39612,0.39826,0.40963,0.40048,0.42244,0.42826,0.41495
307.61,,0.18967,0.35915,0.37793,0.32011,0.39828,0.4163,0.34544,0.40809,0.38509,0.36904,0.39174,0.37404,0.39198,0.39534,0.40643,0.39808,0.41927,0.4255,0.4119
308.39,,0.18353,0.35299,0.37229,0.31563,0.39189,0.411,0.34125,0.40291,0.38181,0.36446,0.3879,0.37056,0.38843,0.39199,0.40365,0.39471,0.41665,0.4224,0.40951
309.17,,0.17754,0.34648,0.36593,0.31122,0.38679,0.40477,0.33757,0.39771,0.37724,0.36089,0.38371,0.36691,0.38568,0.38898,0.40162,0.39146,0.41434,0.42046,0.4067
309.95,,0.17158,0.34074,0.36027,0.30681,0.38142,0.40037,0.33285,0.39279,0.37502,0.35736,0.381,0.36386,0.38219,0.38687,0.39862,0.38897,0.41184,0.41799,0.40486
310.73,,0.16613,0.3349,0.35422,0.30292,0.37579,0.39475,0.32928,0.38751,0.37027,0.35334,0.37702,0.36017,0.37874,0.38335,0.39537,0.38533,0.40803,0.4151,0.40112
311.51,,0.16031,0.32963,0.34976,0.29879,0.3706,0.38932,0.3257,0.38293,0.36707,0.3499,0.37339,0.35691,0.37605,0.38047,0.39318,0.38184,0.40638,0.41253,0.39899
312.29,,0.15513,0.32425,0.34362,0.29487,0.36594,0.38389,0.32183,0.37738,0.36283,0.34605,0.36979,0.35332,0.37177,0.37688,0.38908,0.37869,0.4027,0.40949,0.3954
313.07,,0.15046,0.31866,0.33853,0.29138,0.36079,0.37862,0.31816,0.37289,0.35836,0.34301,0.36569,0.35097,0.36857,0.37432,0.38685,0.37611,0.40044,0.40711,0.39287
313.85,,0.14539,0.31418,0.33378,0.28678,0.35588,0.37452,0.31371,0.36843,0.35588,0.33901,0.36295,0.34758,0.36562,0.37162,0.38376,0.37234,0.39659,0.40423,0.38963
314.63,,0.14112,0.30954,0.3289,0.28334,0.35162,0.36981,0.3108,0.36405,0.3516,0.3359,0.35935,0.34475,0.36226,0.36852,0.38062,0.36918,0.39297,0.40054,0.38612
315.41,,0.13635,0.30401,0.32428,0.27945,0.3466,0.36459,0.30703,0.35868,0.34818,0.33181,0.35598,0.34018,0.35868,0.3651,0.37731,0.36578,0.39053,0.39785,0.38346
316.19,,0.13162,0.29878,0.31952,0.27534,0.34221,0.35937,0.30287,0.35415,0.34474,0.32758,0.35263,0.33709,0.35494,0.36129,0.37358,0.36277,0.38701,0.39483,0.38016
316.97,,0.12775,0.2939,0.31405,0.27169,0.33717,0.35435,0.29934,0.34977,0.3407,0.325,0.34893,0.33424,0.3518,0.35801,0.3709,0.35945,0.38445,0.39195,0.37649
317.75,,0.12261,0.28919,0.30939,0.2678,0.33206,0.34979,0.2953,0.34479,0.33694,0.32028,0.34541,0.33024,0.34764,0.35521,0.36734,0.35488,0.38099,0.38753,0.37331
318.53,,0.11811,0.28383,0.3041,0.26388,0.32704,0.34469,0.29157,0.3398,0.33314,0.31695,0.3414,0.32632,0.34427,0.3513,0.36373,0.3516,0.37719,0.38469,0.36961
319.31,,0.11449,0.27831,0.29927,0.26009,0.32171,0.33866,0.28823,0.33542,0.32882,0.31294,0.33733,0.32347,0.34091,0.34824,0.36097,0.34848,0.37335,0.38091,0.36708
320.09,,0.1095,0.27398,0.29417,0.25603,0.31689,0.33401,0.28366,0.33063,0.32542,0.30933,0.33399,0.31959,0.33678,0.34437,0.35721,0.3446,0.37051,0.37811,0.36344
320.87,,0.10523,0.26908,0.28943,0.25234,0.31272,0.32981,0.28026,0.32585,0.32184,0.30544,0.33044,0.31599,0.33306,0.34114,0.35321,0.34103,0.36774,0.37442,0.36008
321.65,,0.10106,0.26415,0.28495,0.2481,0.30763,0.32434,0.2758,0.32167,0.31775,0.3011,0.3262,0.31196,0.32889,0.33703,0.34984,0.33717,0.36292,0.37069,0.35558
322.43,,0.09721,0.25895,0.27947,0.2441,0.30224,0.31901,0.27234,0.31574,0.31329,0.29758,0.32223,0.30805,0.32539,0.33363,0.34604,0.33338,0.35911,0.36638,0.35238
323.21,,0.09339,0.25473,0.27543,0.2404,0.29813,0.31452,0.26874,0.312,0.30998,0.29414,0.31857,0.30569,0.32197,0.33028,0.34276,0.33028,0.35618,0.36303,0.34915
323.99,,0.08983,0.25001,0.27047,0.23708,0.29333,0.31026,0.26532,0.30734,0.30588,0.29048,0.31514,0.30127,0.3182,0.326,0.33892,0.32627,0.35207,0.35943,0.34548
324.77,,0.08597,0.24534,0.26649,0.23311,0.28913,0.30554,0.2609,0.30338,0.30248,0.2865,0.31165,0.29758,0.31371,0.32241,0.3352,0.32281,0.3493,0.35659,0.34153
325.55,,0.08325,0.24071,0.26184,0.23025,0.28528,0.30061,0.25811,0.2988,0.29904,0.28384,0.30789,0.2945,0.31134,0.31974,0.33229,0.31947,0.34494,0.35261,0.33852
326.33,,0.07983,0.23716,0.25794,0.22638,0.2804,0.29632,0.25459,0.29464,0.29599,0.27987,0.30547,0.29115,0.30711,0.31587,0.32901,0.31576,0.34234,0.34952,0.33453
327.11,,0.07664,0.2326,0.25334,0.22341,0.27647,0.29196,0.25123,0.2903,0.29194,0.27676,0.30091,0.28798,0.30385,0.31259,0.32543,0.31206,0.33877,0.34617,0.33147
327.89,,0.07302,0.22843,0.24949,0.22004,0.27279,0.28851,0.24806,0.28652,0.28854,0.27323,0.29706,0.28505,0.30019,0.30946,0.32224,0.30875,0.33488,0.34208,0.32785
328.67,,0.07051,0.22456,0.24475,0.21614,0.26815,0.28344,0.2443,0.28262,0.28512,0.26928,0.29389,0.28081,0.29649,0.30558,0.31842,0.30553,0.33136,0.33844,0.32408
329.45,,0.06833,0.22035,0.24148,0.21312,0.26374,0.27929,0.24102,0.27833,0.28138,0.26634,0.29057,0.27859,0.29318,0.30326,0.31499,0.30166,0.3283,0.33507,0.32109
330.23,,0.06552,0.21754,0.23842,0.21047,0.26139,0.27592,0.2386,0.27494,0.27846,0.26352,0.2876,0.27478,0.29034,0.29901,0.31128,0.2986,0.32449,0.33134,0.31813
331.01,,0.0628,0.21355,0.234,0.207,0.25718,0.27206,0.2351,0.27118,0.27504,0.25955,0.28438,0.27156,0.28696,0.29627,0.3084,0.29525,0.3199,0.32698,0.31433
331.79,,0.06058,0.21015,0.23046,0.20373,0.25312,0.26794,0.23152,0.26697,0.27152,0.25694,0.28085,0.26765,0.28283,0.29197,0.30378,0.29114,0.31715,0.32324,0.31076
332.56,,0.05785,0.20596,0.22662,0.20084,0.24886,0.2636,0.22786,0.26297,0.26748,0.25281,0.27701,0.26509,0.27959,0.28853,0.30037,0.28743,0.31338,0.32027,0.30695
333.34,,0.05617,0.20241,0.22226,0.19835,0.24506,0.25942,0.2249,0.25893,0.26469,0.24988,0.27385,0.26132,0.2758,0.28512,0.29666,0.28431,0.30974,0.31628,0.30365
334.12,,0.05357,0.19946,0.21945,0.19434,0.24135,0.25584,0.22153,0.25493,0.26091,0.24589,0.26971,0.25767,0.27196,0.28157,0.29367,0.28037,0.30641,0.31267,0.29964
334.9,,0.05155,0.19509,0.21534,0.19145,0.23745,0.25153,0.21802,0.25056,0.257,0.24313,0.2661,0.25455,0.26855,0.27806,0.28963,0.27709,0.30201,0.30804,0.29607
335.68,,0.04973,0.1918,0.21175,0.18898,0.23373,0.24765,0.21512,0.24739,0.25362,0.239,0.26271,0.25059,0.26564,0.2741,0.28585,0.27351,0.29905,0.30602,0.2923
336.46,,0.04791,0.18827,0.20867,0.18587,0.22958,0.24391,0.21195,0.24351,0.25055,0.23567,0.25866,0.24749,0.26177,0.27084,0.2819,0.27006,0.29494,0.30123,0.28875
337.24,,0.04571,0.18495,0.20426,0.18312,0.22615,0.24019,0.20915,0.23973,0.24657,0.2328,0.25569,0.24435,0.25827,0.26739,0.27848,0.26612,0.29195,0.2981,0.2851
338.02,,0.04486,0.18164,0.20123,0.17978,0.22223,0.23631,0.20592,0.23615,0.2433,0.22956,0.25255,0.24119,0.25494,0.26377,0.27513,0.26316,0.28807,0.29423,0.28151
338.8,,0.0432,0.17834,0.19745,0.17718,0.21908,0.23217,0.20275,0.23201,0.24049,0.22679,0.24864,0.23763,0.25135,0.26005,0.27109,0.25953,0.28482,0.2903,0.27785
339.58,,0.04127,0.17524,0.19499,0.17411,0.21531,0.2294,0.19991,0.22898,0.23699,0.22363,0.24528,0.2344,0.24774,0.25705,0.26775,0.25614,0.28095,0.28655,0.27436
340.36,,0.03949,0.17229,0.19203,0.1717,0.2121,0.22506,0.19673,0.22508,0.23373,0.2205,0.24222,0.23113,0.24398,0.25312,0.26367,0.25213,0.2769,0.28282,0.27043
341.14,,0.03765,0.16917,0.18828,0.16874,0.20809,0.22121,0.19364,0.22096,0.23048,0.21669,0.23836,0.22749,0.24043,0.24962,0.26002,0.24905,0.27381,0.27904,0.26655
341.91,,0.03625,0.16567,0.18495,0.16572,0.20487,0.21787,0.19061,0.21749,0.22722,0.21388,0.23545,0.22469,0.23648,0.24613,0.25638,0.24487,0.26959,0.27571,0.26276
342.69,,0.03523,0.16326,0.18194,0.16318,0.20167,0.21458,0.18732,0.21432,0.22327,0.21014,0.23207,0.22081,0.23387,0.24256,0.25291,0.24154,0.26551,0.27064,0.25925
343.47,,0.03374,0.15974,0.17847,0.1605,0.19841,0.21026,0.18482,0.21048,0.22036,0.20732,0.22855,0.21802,0.23002,0.23911,0.24913,0.23838,0.26252,0.26765,0.2556
344.25,,0.03302,0.15682,0.17571,0.1581,0.19484,0.20713,0.18239,0.20736,0.21738,0.20444,0.22524,0.21443,0.22709,0.23503,0.24557,0.23449,0.25808,0.26262,0.2525
345.03,,0.03138,0.15347,0.17258,0.155,0.19147,0.20365,0.17918,0.20345,0.21394,0.20103,0.22181,0.21123,0.22319,0.23172,0.24138,0.23097,0.25383,0.2586,0.24838
345.81,,0.02992,0.15125,0.1696,0.15292,0.18837,0.20025,0.17555,0.20028,0.21104,0.19824,0.21826,0.20855,0.22011,0.22861,0.23815,0.22726,0.25137,0.25576,0.24476
346.59,,0.02889,0.14878,0.16644,0.15002,0.1855,0.19714,0.17287,0.19731,0.20759,0.19504,0.21556,0.20526,0.21626,0.22485,0.23425,0.22383,0.248,0.25265,0.24104
347.37,,0.02788,0.14516,0.16343,0.14788,0.18149,0.19371,0.17095,0.19351,0.20505,0.19225,0.21183,0.2024,0.21351,0.22202,0.23125,0.22087,0.24406,0.24899,0.23775
348.14,,0.02679,0.14219,0.16058,0.1456,0.17861,0.19008,0.16802,0.19011,0.20209,0.18956,0.20927,0.19848,0.21025,0.21844,0.22734,0.21751,0.24106,0.2454,0.23475
348.92,,0.02603,0.14043,0.1581,0.14309,0.17571,0.18729,0.16521,0.1874,0.19863,0.1868,0.20596,0.19598,0.20719,0.21521,0.22377,0.21437,0.23745,0.24216,0.23123
349.7,,0.02519,0.1376,0.15499,0.14036,0.17275,0.18383,0.16269,0.18428,0.19598,0.18389,0.20295,0.19334,0.20404,0.21201,0.22112,0.21132,0.23373,0.23853,0.22785
350.48,,0.0244,0.13542,0.15248,0.13873,0.17003,0.18109,0.16035,0.18114,0.19317,0.18134,0.20033,0.19078,0.20093,0.20897,0.21748,0.20914,0.23042,0.23468,0.22545
351.26,,0.02344,0.13295,0.15028,0.13637,0.16732,0.17811,0.15728,0.17804,0.19072,0.17874,0.19715,0.18812,0.19808,0.206,0.21484,0.20475,0.22787,0.23149,0.22135
352.04,,0.02274,0.13073,0.14793,0.13397,0.16492,0.17535,0.15553,0.17555,0.18839,0.17644,0.19534,0.18494,0.19528,0.20345,0.21104,0.2027,0.2249,0.22903,0.21875
352.82,,0.0218,0.12824,0.14505,0.13199,0.16156,0.17242,0.1534,0.17277,0.18582,0.17364,0.19227,0.18285,0.19257,0.20041,0.20896,0.19927,0.22178,0.22572,0.21607
353.59,,0.02133,0.12648,0.14321,0.12973,0.15989,0.17028,0.15071,0.17039,0.18389,0.17107,0.18952,0.17966,0.18962,0.1979,0.20589,0.19646,0.21964,0.22355,0.21281
354.37,,0.02082,0.12415,0.14025,0.1283,0.15675,0.16704,0.14881,0.16728,0.18113,0.16903,0.18743,0.17765,0.18733,0.19539,0.20364,0.19427,0.21573,0.21913,0.20992
355.15,,0.01982,0.12207,0.13885,0.12611,0.1545,0.16489,0.14595,0.16474,0.17819,0.16629,0.18507,0.17446,0.18476,0.19272,0.20017,0.19139,0.21458,0.21757,0.20728
355.93,,0.01929,0.11991,0.13611,0.12448,0.15199,0.16209,0.1448,0.16235,0.17623,0.16433,0.18213,0.17318,0.18238,0.1894,0.19785,0.18944,0.21143,0.21461,0.20539
356.71,,0.01867,0.11841,0.13464,0.12271,0.15014,0.16018,0.14289,0.16038,0.17487,0.16205,0.18045,0.17046,0.17982,0.18751,0.19561,0.18674,0.20771,0.2115,0.20245
357.49,,0.01827,0.11652,0.13269,0.12133,0.14776,0.15738,0.14035,0.15794,0.17201,0.15994,0.17768,0.16868,0.17746,0.18507,0.19292,0.18461,0.20546,0.20887,0.20041
358.26,,0.01761,0.11441,0.13061,0.11996,0.14609,0.15571,0.13905,0.15582,0.17028,0.15816,0.17602,0.16655,0.17622,0.18277,0.19043,0.18262,0.20428,0.20777,0.1982
359.04,,0.0173,0.11297,0.12823,0.11778,0.1437,0.15353,0.13715,0.15403,0.16801,0.15647,0.17409,0.16431,0.17387,0.18024,0.18839,0.18036,0.20208,0.20509,0.19598
359.82,,0.0162,0.11129,0.1272,0.11615,0.14198,0.15105,0.13575,0.15182,0.16655,0.15434,0.17239,0.16324,0.1713,0.17871,0.18654,0.17773,0.19968,0.20275,0.19312
360.6,,0.01606,0.11021,0.12546,0.11458,0.14064,0.1502,0.13397,0.15045,0.16436,0.15323,0.17016,0.161,0.1695,0.17706,0.1844,0.17661,0.19811,0.20091,0.19219
361.38,,0.01588,0.10847,0.12364,0.11409,0.13832,0.14778,0.13268,0.14771,0.16254,0.15142,0.16838,0.15952,0.16815,0.17518,0.18272,0.17503,0.19632,0.19969,0.19014
362.15,,0.01508,0.10718,0.12235,0.11241,0.13674,0.1463,0.13095,0.14636,0.16165,0.14982,0.16723,0.15811,0.16677,0.1735,0.18079,0.173,0.19408,0.19717,0.18868
362.93,,0.01468,0.10488,0.12035,0.11095,0.13472,0.14401,0.12873,0.1441,0.15997,0.14746,0.16482,0.15632,0.16459,0.17192,0.17867,0.17055,0.19145,0.19439,0.18646
363.71,,0.0139,0.10438,0.11921,0.10924,0.13334,0.14273,0.12762,0.14285,0.15798,0.14643,0.16358,0.15423,0.16249,0.16981,0.17726,0.16901,0.18963,0.19294,0.18433
364.49,,0.01411,0.10266,0.11769,0.10876,0.13193,0.14056,0.12689,0.141,0.15634,0.1452,0.16201,0.15258,0.16174,0.16799,0.17538,0.16766,0.18913,0.19218,0.18292
365.27,,0.01339,0.10177,0.11605,0.10721,0.1304,0.13908,0.12514,0.13969,0.15505,0.14388,0.16013,0.15158,0.15971,0.16647,0.17418,0.16576,0.18715,0.1895,0.18139
366.04,,0.01291,0.10036,0.1153,0.10574,0.12903,0.13766,0.12383,0.13799,0.15411,0.14184,0.15877,0.15038,0.15807,0.16489,0.17204,0.16463,0.18483,0.18782,0.18007
366.82,,0.01246,0.09895,0.11402,0.10513,0.12744,0.1362,0.12274,0.13654,0.15188,0.14123,0.15734,0.14843,0.15681,0.16343,0.17078,0.16298,0.18357,0.18666,0.17845
367.6,,0.01239,0.09792,0.11229,0.10417,0.12602,0.13455,0.12206,0.13476,0.15179,0.14008,0.15605,0.14748,0.15619,0.16243,0.16965,0.16221,0.18262,0.18574,0.1775
368.38,,0.01227,0.0966,0.11113,0.10306,0.1247,0.13362,0.12083,0.13366,0.14992,0.13872,0.15476,0.14633,0.15463,0.16072,0.16829,0.16104,0.18152,0.18486,0.17628
369.15,,0.01172,0.09628,0.11071,0.10219,0.12376,0.13243,0.11959,0.13278,0.14895,0.13772,0.15374,0.14578,0.15373,0.16045,0.16732,0.15978,0.17965,0.18268,0.17517
369.93,,0.01119,0.09507,0.10947,0.10148,0.12308,0.13109,0.11861,0.13113,0.14778,0.13662,0.1527,0.14453,0.15251,0.15927,0.16622,0.15909,0.1805,0.18345,0.17417
370.71,,0.01095,0.09442,0.1086,0.10099,0.1224,0.12998,0.11804,0.13077,0.14677,0.13592,0.15156,0.14354,0.15112,0.15814,0.16484,0.15768,0.17842,0.18182,0.17308
371.49,,0.01024,0.09357,0.10814,0.10005,0.12063,0.12958,0.11742,0.12944,0.14601,0.13464,0.15068,0.14253,0.15055,0.15739,0.16432,0.15694,0.1769,0.18035,0.17196
372.26,,0.01013,0.09242,0.1064,0.09929,0.11944,0.12804,0.11613,0.12802,0.14464,0.13414,0.14954,0.14174,0.15001,0.15658,0.16351,0.15565,0.17732,0.18074,0.17158
373.04,,0.01037,0.09215,0.10583,0.09877,0.1186,0.12732,0.11578,0.12773,0.14439,0.13336,0.149,0.14097,0.14906,0.15563,0.16223,0.15505,0.17678,0.17951,0.17094
373.82,,0.01013,0.09082,0.10518,0.09833,0.11788,0.12631,0.11527,0.1263,0.14313,0.133,0.14796,0.14056,0.14836,0.15506,0.16207,0.15474,0.17516,0.17829,0.17012
374.6,,0.00974,0.09077,0.10463,0.09754,0.11745,0.1254,0.11432,0.12588,0.14239,0.13178,0.14719,0.13964,0.14736,0.15429,0.16155,0.15381,0.17441,0.17738,0.16901
375.37,,0.0092,0.0898,0.10373,0.09659,0.11659,0.12449,0.11393,0.12511,0.14108,0.13086,0.14653,0.13892,0.14679,0.1535,0.16061,0.15304,0.17457,0.17714,0.16829
376.15,,0.0087,0.08937,0.10319,0.09574,0.11566,0.12407,0.11292,0.12414,0.14058,0.13033,0.14599,0.1387,0.14535,0.15253,0.1599,0.15248,0.17351,0.1769,0.16715
376.93,,0.00875,0.08894,0.10246,0.09554,0.11566,0.12311,0.11261,0.12319,0.14049,0.13003,0.1454,0.13771,0.14526,0.15214,0.15927,0.15212,0.17362,0.17668,0.16676
377.71,,0.00825,0.08805,0.10212,0.09535,0.11421,0.12255,0.11209,0.1227,0.13892,0.12983,0.14414,0.13747,0.14519,0.15143,0.1588,0.15137,0.17234,0.17561,0.16673
378.48,,0.00863,0.08785,0.10203,0.09503,0.11451,0.12197,0.11145,0.12275,0.13877,0.12945,0.14434,0.13679,0.14457,0.15129,0.15824,0.15084,0.17166,0.17442,0.16603
379.26,,0.00843,0.08804,0.10161,0.09461,0.11389,0.12196,0.11121,0.12232,0.13818,0.12853,0.14352,0.13634,0.14377,0.15038,0.15742,0.15049,0.17153,0.17461,0.1659
380.04,,0.00827,0.08708,0.10046,0.09467,0.11283,0.12062,0.1111,0.12135,0.1377,0.1283,0.1428,0.13614,0.1439,0.15036,0.15684,0.15002,0.17111,0.17428,0.1655
380.81,,0.00772,0.0867,0.10042,0.09391,0.11279,0.12063,0.11027,0.12102,0.13733,0.12778,0.14287,0.13514,0.14281,0.14955,0.15644,0.14959,0.17035,0.1738,0.16478
381.59,,0.00715,0.08691,0.10031,0.09367,0.11283,0.12086,0.10995,0.12065,0.13723,0.12773,0.14233,0.13508,0.14331,0.14936,0.15654,0.14922,0.17114,0.1743,0.16468
382.37,,0.00735,0.08638,0.0997,0.09318,0.11237,0.12046,0.10952,0.12032,0.13612,0.12715,0.1415,0.13466,0.14257,0.14934,0.15618,0.14899,0.16952,0.17238,0.16464
383.14,,0.00744,0.08598,0.09958,0.09381,0.11195,0.11967,0.10969,0.11942,0.13577,0.12755,0.14136,0.13439,0.1427,0.14918,0.15551,0.14949,0.1695,0.17287,0.16447
383.92,,0.00734,0.08587,0.09949,0.0932,0.11175,0.11943,0.10981,0.11952,0.13601,0.12695,0.14078,0.13451,0.1424,0.14857,0.15575,0.1487,0.16963,0.17238,0.16396
384.7,,0.00706,0.08517,0.0988,0.09278,0.11137,0.11868,0.10918,0.11906,0.13531,0.12653,0.14047,0.134,0.14187,0.14841,0.15545,0.14814,0.16928,0.17258,0.16366
385.48,,0.00675,0.08536,0.0988,0.09251,0.11092,0.11874,0.10869,0.11876,0.13473,0.1254,0.14002,0.13343,0.14074,0.1478,0.15425,0.14717,0.16796,0.17167,0.16304
386.25,,0.00711,0.085,0.09827,0.09297,0.11015,0.118,0.10897,0.1186,0.13447,0.12571,0.13942,0.13281,0.14129,0.14704,0.1542,0.14777,0.16944,0.17207,0.16354
387.03,,0.00663,0.0848,0.09796,0.09224,0.1098,0.11755,0.10809,0.11803,0.13401,0.12529,0.13935,0.13352,0.14105,0.14722,0.15465,0.14741,0.16877,0.1717,0.16242
387.81,,0.00668,0.08422,0.0971,0.09192,0.10989,0.11701,0.10814,0.11749,0.13346,0.12521,0.139,0.13299,0.14085,0.14697,0.15382,0.14694,0.16869,0.17124,0.16253
388.58,,0.0063,0.08456,0.09753,0.09205,0.10949,0.11793,0.10806,0.11756,0.13368,0.12509,0.13885,0.13288,0.14047,0.14737,0.15438,0.14655,0.16833,0.17104,0.16204
389.36,,0.00647,0.08435,0.09726,0.09175,0.10973,0.11733,0.10761,0.11728,0.13308,0.12451,0.1384,0.13255,0.13992,0.14676,0.15378,0.14625,0.16783,0.17034,0.16175
390.14,,0.00613,0.08418,0.09713,0.09093,0.10927,0.11682,0.10743,0.11683,0.13238,0.12427,0.13817,0.1324,0.13949,0.1461,0.15324,0.14606,0.16764,0.1703,0.16109
390.91,,0.00622,0.08399,0.09691,0.09146,0.10902,0.1165,0.10715,0.1167,0.13273,0.12384,0.13769,0.13212,0.13929,0.14591,0.15284,0.14558,0.16649,0.16953,0.16103
391.69,,0.00588,0.08361,0.09668,0.09088,0.10851,0.11605,0.10681,0.11638,0.13157,0.12401,0.13736,0.13138,0.13902,0.14562,0.15256,0.14553,0.1667,0.16959,0.16024
392.46,,0.00581,0.08317,0.09639,0.0909,0.1089,0.11624,0.10671,0.11641,0.13171,0.12356,0.13675,0.13153,0.13905,0.14562,0.15237,0.14535,0.16607,0.16895,0.16063
393.24,,0.00593,0.08352,0.09656,0.09037,0.10874,0.11613,0.10622,0.11613,0.13178,0.12346,0.13697,0.13145,0.13871,0.14526,0.15206,0.14502,0.16641,0.1686,0.16019
394.02,,0.00597,0.08338,0.0962,0.09052,0.10856,0.11577,0.10632,0.11542,0.13155,0.1229,0.13716,0.1305,0.13831,0.1449,0.15202,0.14483,0.16655,0.16872,0.15973
394.79,,0.00531,0.08317,0.09573,0.09006,0.1076,0.11566,0.10592,0.11566,0.1308,0.12264,0.13657,0.13073,0.13769,0.14479,0.15136,0.14449,0.16537,0.16775,0.15915
395.57,,0.00597,0.08248,0.09573,0.09029,0.10807,0.1154,0.10567,0.11528,0.13103,0.12272,0.13628,0.13002,0.13795,0.14398,0.15069,0.14432,0.16439,0.16698,0.15881
396.35,,0.00548,0.08258,0.09489,0.0896,0.10731,0.1146,0.10539,0.1151,0.13063,0.12178,0.13616,0.13,0.13743,0.14386,0.15044,0.14331,0.16566,0.16815,0.15822
397.12,,0.00493,0.08251,0.09524,0.08948,0.1073,0.11435,0.10486,0.11473,0.13035,0.1215,0.13577,0.12974,0.13708,0.14312,0.15025,0.14292,0.16437,0.16714,0.1579
397.9,,0.00512,0.08282,0.09517,0.08956,0.10721,0.11438,0.10468,0.11479,0.12979,0.12146,0.1355,0.12926,0.13711,0.14288,0.14943,0.14268,0.16439,0.16665,0.15723
398.68,,0.00435,0.08194,0.09463,0.08923,0.1066,0.11411,0.10435,0.11432,0.1296,0.12091,0.1351,0.12919,0.13613,0.14304,0.14964,0.14272,0.16394,0.1665,0.15703
399.45,,0.0049,0.08238,0.09484,0.08938,0.10696,0.11435,0.10428,0.11409,0.12888,0.12107,0.1348,0.12869,0.13636,0.14273,0.14962,0.1427,0.16464,0.16698,0.15668
400.23,,0.00522,0.08186,0.09431,0.0891,0.10626,0.11345,0.10482,0.11398,0.12896,0.1212,0.13506,0.1282,0.13615,0.14215,0.14831,0.14232,0.16373,0.16627,0.15666
401,,0.00507,0.08195,0.09401,0.08913,0.10653,0.11356,0.10426,0.11386,0.12898,0.12045,0.13439,0.12858,0.13558,0.14183,0.14869,0.14187,0.16312,0.16545,0.15613
401.78,,0.00486,0.08198,0.09465,0.08874,0.10662,0.11365,0.10389,0.11376,0.12859,0.12037,0.13431,0.12736,0.13555,0.14148,0.14798,0.14145,0.16282,0.16448,0.1554
402.56,,0.00512,0.08103,0.0937,0.08856,0.10563,0.11288,0.10376,0.11319,0.12826,0.12025,0.13373,0.12755,0.13541,0.14134,0.1475,0.14081,0.16167,0.16399,0.1552
403.33,,0.00442,0.08112,0.09362,0.08809,0.10534,0.11284,0.10331,0.11282,0.128,0.11959,0.13338,0.12692,0.13437,0.14072,0.14694,0.14051,0.16141,0.16315,0.15426
404.11,,0.00419,0.08097,0.09377,0.08775,0.10546,0.11314,0.10346,0.11276,0.12734,0.11958,0.13306,0.12729,0.1342,0.14018,0.14683,0.1405,0.16118,0.16299,0.15428
404.88,,0.00403,0.08119,0.09335,0.08734,0.10578,0.11282,0.10237,0.1127,0.1274,0.11876,0.13314,0.12671,0.13381,0.14003,0.14697,0.13963,0.16137,0.16372,0.15327
405.66,,0.00389,0.08124,0.09338,0.08696,0.10544,0.11258,0.10218,0.11255,0.12661,0.11859,0.13214,0.12679,0.13348,0.13936,0.14617,0.13949,0.16038,0.16202,0.15321
406.43,,0.00412,0.08123,0.09297,0.0875,0.10493,0.11232,0.10253,0.11261,0.12634,0.11826,0.13191,0.12612,0.13319,0.13938,0.14553,0.13907,0.15963,0.16175,0.15255
407.21,,0.0046,0.08021,0.09284,0.08689,0.10455,0.11147,0.10179,0.1118,0.12625,0.11838,0.1317,0.12574,0.13293,0.13879,0.14514,0.13877,0.15929,0.16069,0.15215
407.99,,0.00411,0.08034,0.09288,0.08662,0.10486,0.11179,0.10195,0.11164,0.12583,0.11783,0.13115,0.12516,0.13212,0.13767,0.14439,0.13832,0.15895,0.16073,0.15133
408.76,,0.00417,0.08069,0.09302,0.08661,0.104,0.11103,0.1015,0.11146,0.12504,0.11733,0.13031,0.12477,0.13227,0.13753,0.14353,0.13819,0.15869,0.15944,0.15082
409.54,,0.00445,0.07985,0.09226,0.08592,0.10359,0.1106,0.1007,0.11066,0.12507,0.11691,0.13045,0.12419,0.13131,0.13696,0.14335,0.13713,0.15719,0.15854,0.14999
410.31,,0.00397,0.07935,0.09181,0.08535,0.10322,0.11071,0.10006,0.11037,0.12477,0.11641,0.12989,0.12348,0.13075,0.13674,0.14297,0.1362,0.15681,0.158,0.14913
411.09,,0.00412,0.0792,0.0912,0.08519,0.10266,0.10989,0.09986,0.11005,0.12393,0.11568,0.12942,0.12364,0.13017,0.13612,0.14218,0.13578,0.15692,0.15779,0.14861
411.86,,0.00426,0.07984,0.09154,0.08512,0.10283,0.11031,0.09951,0.10948,0.12387,0.11557,0.12925,0.12272,0.12974,0.13526,0.14114,0.13543,0.15499,0.15604,0.148
412.64,,0.0039,0.07874,0.09022,0.08431,0.10233,0.10895,0.09944,0.10935,0.12358,0.11512,0.12847,0.12215,0.12905,0.13423,0.14063,0.13437,0.15557,0.15649,0.14676
413.41,,0.00354,0.07839,0.09041,0.08413,0.10185,0.10855,0.09857,0.1088,0.12282,0.11454,0.12779,0.12188,0.1286,0.13441,0.14018,0.13389,0.15414,0.15502,0.1466
414.19,,0.00366,0.07807,0.08976,0.08404,0.10125,0.10764,0.09861,0.10812,0.12243,0.11382,0.12696,0.12097,0.12792,0.13319,0.13915,0.13295,0.15336,0.1544,0.14551
414.96,,0.00337,0.07779,0.08942,0.08365,0.10056,0.1077,0.09741,0.1076,0.1215,0.11307,0.12625,0.12072,0.12684,0.13235,0.13866,0.13244,0.15307,0.15376,0.14433
415.74,,0.00384,0.07743,0.08891,0.08319,0.10044,0.10734,0.09745,0.10693,0.1215,0.11274,0.12652,0.12023,0.12621,0.13163,0.13775,0.13152,0.15163,0.15241,0.14397
416.52,,0.00342,0.07722,0.08852,0.08249,0.10025,0.10712,0.09668,0.10648,0.12028,0.11212,0.12487,0.11924,0.12593,0.13164,0.13709,0.13061,0.15016,0.15089,0.14297
417.29,,0.00382,0.07647,0.08827,0.08216,0.09934,0.10551,0.09611,0.10571,0.12028,0.11185,0.12484,0.11868,0.12494,0.13039,0.13599,0.13019,0.14933,0.15044,0.14228
418.07,,0.00395,0.07547,0.08703,0.08166,0.09786,0.10488,0.09542,0.10476,0.11965,0.1104,0.12399,0.11738,0.12407,0.12899,0.13484,0.12878,0.1489,0.14917,0.14089
418.84,,0.00311,0.07539,0.08668,0.08064,0.0976,0.10443,0.0944,0.10464,0.11865,0.10977,0.12281,0.11662,0.12288,0.12775,0.13374,0.1277,0.14804,0.14835,0.13917
419.62,,0.00327,0.07535,0.08628,0.08057,0.09717,0.10411,0.09401,0.10402,0.11775,0.10935,0.1221,0.1151,0.12191,0.12709,0.13208,0.12725,0.14658,0.14672,0.13859
420.39,,0.00319,0.07502,0.08594,0.0799,0.09695,0.10336,0.09327,0.10353,0.11633,0.10851,0.12076,0.11513,0.12105,0.12654,0.13191,0.12638,0.14669,0.14644,0.13702
421.17,,0.00301,0.0737,0.085,0.07928,0.09565,0.10209,0.093,0.10218,0.11571,0.10782,0.11992,0.11453,0.12012,0.12528,0.13074,0.12537,0.14471,0.14455,0.13655
421.94,,0.00317,0.07355,0.08471,0.07857,0.09525,0.10173,0.09214,0.10201,0.11543,0.10716,0.11993,0.11368,0.11994,0.12481,0.12996,0.1246,0.14359,0.14366,0.13551
422.72,,0.00326,0.07327,0.08413,0.07854,0.09455,0.10173,0.09191,0.10173,0.11442,0.10682,0.11922,0.11314,0.11898,0.12404,0.12926,0.12366,0.14278,0.14233,0.13484
423.49,,0.00301,0.07334,0.08405,0.07799,0.09445,0.10143,0.09163,0.1009,0.11458,0.10591,0.11893,0.11211,0.11828,0.12329,0.12802,0.12311,0.1419,0.14165,0.1337
424.27,,0.00308,0.07209,0.08336,0.07748,0.0936,0.10017,0.09054,0.10044,0.11358,0.10526,0.11829,0.11171,0.11757,0.12193,0.12736,0.12208,0.14137,0.14092,0.13266
425.04,,0.00315,0.07128,0.0826,0.0769,0.09279,0.09957,0.09007,0.09972,0.11331,0.10463,0.1175,0.11077,0.11662,0.1209,0.12632,0.12077,0.14043,0.1402,0.13165
425.81,,0.00323,0.07147,0.08207,0.07613,0.09234,0.09875,0.08943,0.09915,0.11251,0.10372,0.11685,0.10991,0.1157,0.12031,0.12541,0.12018,0.13932,0.13888,0.13055
426.59,,0.0028,0.07088,0.0819,0.07527,0.09178,0.09819,0.08833,0.09821,0.11156,0.10229,0.11553,0.10851,0.11402,0.11896,0.12387,0.11842,0.13809,0.1373,0.12872
427.36,,0.00286,0.06999,0.0811,0.07484,0.09051,0.09745,0.08723,0.0973,0.11,0.10165,0.11457,0.10782,0.11293,0.11815,0.12263,0.11807,0.13692,0.13628,0.12784
428.14,,0.00285,0.0692,0.08007,0.07413,0.09028,0.09614,0.08656,0.09628,0.10942,0.10094,0.11383,0.10702,0.11194,0.11677,0.12143,0.11635,0.13551,0.13418,0.1267
428.91,,0.00281,0.06886,0.07921,0.07332,0.08901,0.09549,0.08608,0.09535,0.10854,0.1004,0.11282,0.10635,0.11152,0.11598,0.12086,0.11558,0.13393,0.1329,0.12568
429.69,,0.00241,0.068,0.07901,0.0728,0.08852,0.09518,0.08564,0.09499,0.10816,0.09932,0.11214,0.10534,0.11007,0.11507,0.1196,0.11446,0.13307,0.13189,0.12422
430.46,,0.00262,0.06814,0.0786,0.07171,0.08789,0.09426,0.08403,0.0944,0.10725,0.09813,0.11159,0.10468,0.10889,0.11389,0.11863,0.11329,0.13192,0.1305,0.12297
431.24,,0.00265,0.0677,0.07827,0.07149,0.08734,0.09316,0.08383,0.09354,0.10646,0.09787,0.11007,0.10325,0.10847,0.11278,0.11719,0.11294,0.13091,0.12928,0.12206
432.01,,0.00279,0.06668,0.07724,0.07097,0.08618,0.09241,0.08309,0.09254,0.10594,0.09716,0.10982,0.10261,0.10717,0.11141,0.11622,0.11225,0.1297,0.12878,0.121
432.79,,0.00239,0.06618,0.07625,0.07019,0.08555,0.09221,0.0824,0.09167,0.10496,0.09599,0.10869,0.10132,0.10624,0.11061,0.11502,0.11049,0.12907,0.12777,0.11957
433.56,,0.00285,0.06594,0.0762,0.06966,0.0853,0.09102,0.08198,0.09132,0.10418,0.09482,0.1076,0.1003,0.10553,0.10944,0.11391,0.10969,0.12753,0.12611,0.11828
434.33,,0.00286,0.06546,0.07529,0.06935,0.08439,0.09067,0.08102,0.09042,0.10383,0.09433,0.10728,0.0994,0.10439,0.10858,0.11233,0.10883,0.12635,0.12514,0.11759
435.11,,0.00264,0.06442,0.07437,0.06822,0.08326,0.08902,0.08008,0.08922,0.10247,0.09368,0.10624,0.09804,0.10323,0.10697,0.11155,0.10704,0.12562,0.12361,0.1159
435.88,,0.00258,0.06365,0.07363,0.06725,0.08274,0.08841,0.07876,0.08871,0.10171,0.09189,0.10519,0.09761,0.10151,0.10621,0.11027,0.10567,0.12413,0.12165,0.11407
436.66,,0.00221,0.06306,0.07288,0.06692,0.0817,0.08734,0.07814,0.08766,0.10124,0.0906,0.10402,0.09611,0.10081,0.10461,0.1087,0.10446,0.12261,0.12088,0.11257
437.43,,0.00216,0.06231,0.07212,0.06571,0.08057,0.08667,0.07712,0.08671,0.1006,0.08992,0.10342,0.09522,0.09914,0.10367,0.10775,0.10294,0.12082,0.11884,0.11135
438.2,,0.00281,0.06142,0.07163,0.06502,0.07933,0.08536,0.07643,0.08556,0.0993,0.0891,0.10251,0.09349,0.09811,0.1021,0.10577,0.10174,0.12004,0.11706,0.11029
438.98,,0.00203,0.06095,0.07032,0.06401,0.07853,0.08437,0.07529,0.08461,0.09881,0.08776,0.10129,0.09274,0.09658,0.10047,0.10444,0.1005,0.11821,0.11585,0.10828
439.75,,0.00191,0.06029,0.06972,0.06337,0.07787,0.08358,0.07421,0.08378,0.0972,0.08687,0.10051,0.09179,0.09557,0.09957,0.10324,0.09925,0.11659,0.11424,0.10697
440.53,,0.00243,0.05945,0.06919,0.0627,0.07669,0.08249,0.07307,0.08293,0.09673,0.0858,0.09964,0.09043,0.09429,0.09807,0.10199,0.09784,0.11475,0.11227,0.10569
441.3,,0.00197,0.05863,0.06792,0.0613,0.07571,0.08166,0.07188,0.08158,0.0956,0.08445,0.09801,0.08943,0.09304,0.09708,0.10046,0.09648,0.11375,0.11112,0.10364
442.07,,0.00175,0.05775,0.06693,0.06114,0.07483,0.08024,0.07111,0.08046,0.09472,0.08344,0.09721,0.08822,0.09161,0.09579,0.09954,0.09486,0.11324,0.11031,0.10261
442.85,,0.00179,0.05734,0.0665,0.06048,0.07403,0.07978,0.07048,0.0796,0.09401,0.08247,0.09675,0.08695,0.09096,0.09434,0.09795,0.09398,0.11134,0.10864,0.1013
443.62,,0.0016,0.05665,0.0662,0.05926,0.07343,0.07924,0.06919,0.07905,0.09284,0.08157,0.09583,0.08629,0.08906,0.09322,0.09655,0.09237,0.11055,0.10753,0.09961
444.4,,0.00198,0.05629,0.06522,0.05874,0.07269,0.07788,0.06854,0.07781,0.09206,0.08043,0.09498,0.08511,0.08832,0.09205,0.09606,0.09154,0.10874,0.10542,0.09863
445.17,,0.00182,0.05533,0.06446,0.05822,0.07189,0.07701,0.06764,0.0773,0.09185,0.07985,0.09423,0.08375,0.08724,0.09093,0.09398,0.09004,0.10644,0.10335,0.09738
445.94,,0.00206,0.05474,0.0639,0.05729,0.0705,0.07593,0.06706,0.07635,0.09076,0.07893,0.09298,0.08275,0.08586,0.08932,0.0927,0.08926,0.10626,0.10293,0.0961
446.72,,0.00213,0.05368,0.06241,0.05674,0.0695,0.07466,0.06645,0.07456,0.09044,0.07792,0.09246,0.08187,0.08509,0.08847,0.09145,0.08786,0.10422,0.1013,0.09478
447.49,,0.00204,0.05369,0.06244,0.05579,0.0695,0.07433,0.06537,0.07457,0.0897,0.07675,0.09141,0.08033,0.08384,0.08677,0.09023,0.08654,0.10209,0.09858,0.09331
448.26,,0.00192,0.05264,0.0614,0.05471,0.06786,0.07335,0.06421,0.07384,0.08898,0.07566,0.09106,0.07918,0.08271,0.08547,0.08867,0.08548,0.10116,0.09809,0.09188
449.04,,0.00177,0.05205,0.06094,0.05397,0.06721,0.07232,0.06323,0.07267,0.08867,0.07449,0.09035,0.07842,0.0811,0.08431,0.0876,0.08372,0.09964,0.09676,0.09063
449.81,,0.00164,0.05102,0.05974,0.05333,0.06633,0.07163,0.06244,0.07172,0.08733,0.07315,0.08887,0.07729,0.07997,0.08353,0.08634,0.08235,0.09826,0.09471,0.08885
450.58,,0.00173,0.05096,0.05918,0.05267,0.0656,0.07118,0.06141,0.07117,0.08691,0.07246,0.08854,0.07659,0.07945,0.08223,0.08572,0.08165,0.09762,0.09439,0.08783
451.36,,0.00177,0.04964,0.05811,0.0519,0.06462,0.06975,0.06031,0.06976,0.08593,0.0714,0.08717,0.07471,0.07761,0.08079,0.08363,0.08001,0.09586,0.09248,0.08606
452.13,,0.00243,0.0496,0.05795,0.05149,0.06348,0.06902,0.05999,0.06936,0.08545,0.07048,0.0865,0.07375,0.07696,0.0794,0.08231,0.07902,0.09498,0.09062,0.08508
452.9,,0.00223,0.04823,0.05715,0.0503,0.06264,0.06745,0.05888,0.0679,0.08374,0.06972,0.08506,0.073,0.07553,0.07875,0.0811,0.07784,0.09249,0.08935,0.08368
453.68,,0.0018,0.04777,0.05601,0.04989,0.06223,0.06709,0.05764,0.06794,0.08393,0.06853,0.08498,0.07183,0.07414,0.07712,0.0795,0.0766,0.09161,0.08793,0.0825
454.45,,0.00204,0.04679,0.05525,0.04833,0.06132,0.06569,0.05684,0.06609,0.08291,0.06738,0.08436,0.07047,0.07282,0.07585,0.07819,0.07521,0.09005,0.08606,0.08084
455.22,,0.00201,0.0459,0.05457,0.04777,0.06008,0.06501,0.05573,0.06513,0.08291,0.06589,0.08327,0.06937,0.0713,0.07427,0.07686,0.07328,0.08869,0.0844,0.07946
456,,0.00167,0.04539,0.05353,0.04655,0.05918,0.06373,0.05452,0.06407,0.08174,0.06466,0.08247,0.06881,0.07029,0.07339,0.0759,0.07177,0.08667,0.08304,0.07751
456.77,,0.00167,0.04469,0.05309,0.04607,0.05821,0.06278,0.05381,0.06314,0.08053,0.06379,0.08118,0.06722,0.06876,0.07123,0.0741,0.07078,0.08603,0.08187,0.07613
457.54,,0.00139,0.04423,0.05194,0.04505,0.05754,0.06203,0.05261,0.06233,0.07961,0.06247,0.08054,0.06547,0.06714,0.07004,0.07257,0.06888,0.08459,0.07987,0.07442
458.31,,0.00125,0.0435,0.05114,0.0443,0.05639,0.06093,0.05148,0.06095,0.07882,0.06158,0.07965,0.06506,0.06656,0.06934,0.07182,0.06811,0.0836,0.07912,0.07328
459.09,,0.00116,0.0426,0.05049,0.04352,0.05546,0.05999,0.0509,0.06071,0.07864,0.06057,0.07895,0.06381,0.06521,0.06782,0.07016,0.067,0.08207,0.07784,0.07243
459.86,,0.0014,0.04173,0.04968,0.04343,0.05475,0.05907,0.05017,0.05976,0.07807,0.05983,0.07833,0.06255,0.06424,0.0664,0.06903,0.06549,0.08088,0.07658,0.07083
460.63,,0.00167,0.04154,0.04938,0.04214,0.0539,0.05874,0.04919,0.05862,0.07693,0.05866,0.07718,0.06169,0.06274,0.06539,0.06788,0.0646,0.07989,0.07513,0.06989
461.41,,0.00189,0.0404,0.04824,0.04193,0.05307,0.05708,0.04847,0.0578,0.07626,0.05788,0.07676,0.06063,0.06214,0.06407,0.0664,0.06377,0.07755,0.0729,0.06837
462.18,,0.00173,0.0398,0.04778,0.04054,0.0521,0.05621,0.04715,0.057,0.07454,0.05664,0.07488,0.05969,0.0607,0.063,0.0653,0.06197,0.07601,0.07101,0.06629
462.95,,0.00152,0.03893,0.04657,0.03967,0.05082,0.05528,0.04655,0.05545,0.07416,0.05568,0.07428,0.05822,0.05928,0.06144,0.06375,0.06062,0.07551,0.07062,0.06504
463.72,,0.00153,0.03773,0.04503,0.03885,0.0495,0.05352,0.04539,0.05432,0.07308,0.0547,0.07288,0.05744,0.05789,0.06057,0.06237,0.05925,0.07303,0.06842,0.06392
464.5,,0.00117,0.03721,0.04542,0.03805,0.04935,0.05355,0.04409,0.0536,0.07235,0.0537,0.07273,0.05601,0.05668,0.05902,0.06112,0.05773,0.07337,0.06856,0.06281
465.27,,0.0015,0.03725,0.04431,0.03774,0.04837,0.05243,0.04341,0.05313,0.07117,0.05275,0.07119,0.05486,0.05598,0.05789,0.05949,0.05734,0.07052,0.06577,0.06182
466.04,,0.00139,0.03633,0.04355,0.03697,0.04822,0.0519,0.04298,0.05221,0.06967,0.05149,0.07019,0.05402,0.0549,0.0568,0.05873,0.05615,0.06963,0.06493,0.06042
466.81,,0.00174,0.03626,0.04298,0.03624,0.04704,0.05114,0.04231,0.05147,0.06892,0.05119,0.06902,0.05347,0.05393,0.05607,0.05768,0.05507,0.06892,0.06367,0.0593
467.59,,0.00169,0.03506,0.04254,0.03602,0.04579,0.04992,0.04137,0.05028,0.06919,0.05024,0.06839,0.05239,0.05344,0.05419,0.05644,0.05415,0.06792,0.06262,0.05865
468.36,,0.00151,0.03452,0.04157,0.03482,0.04526,0.0489,0.04043,0.04929,0.06785,0.04899,0.06739,0.05143,0.05157,0.05357,0.05561,0.05289,0.0663,0.06121,0.05693
469.13,,0.00159,0.03408,0.04133,0.03461,0.04484,0.0477,0.04022,0.04829,0.0665,0.04833,0.06575,0.05024,0.05085,0.0526,0.05431,0.05228,0.06496,0.05979,0.05626
469.9,,0.00137,0.033,0.04008,0.03306,0.04297,0.04698,0.03854,0.04728,0.06475,0.04699,0.06456,0.04929,0.04964,0.05139,0.05276,0.05082,0.06495,0.05958,0.0545
470.68,,0.0018,0.03186,0.03891,0.03275,0.04222,0.04604,0.03815,0.04604,0.06382,0.04664,0.06315,0.04865,0.04857,0.05014,0.05193,0.0496,0.06314,0.05784,0.05385
471.45,,0.00181,0.0314,0.03823,0.03231,0.04122,0.04435,0.037,0.04469,0.0625,0.04522,0.06138,0.04702,0.047,0.04902,0.05009,0.04849,0.06191,0.05648,0.05249
472.22,,0.00164,0.0309,0.03708,0.03122,0.04044,0.04347,0.03667,0.04363,0.06088,0.04412,0.06042,0.04578,0.04594,0.04768,0.04905,0.04722,0.06023,0.05503,0.05079
472.99,,0.00159,0.02992,0.03617,0.03037,0.03932,0.0421,0.03521,0.0424,0.05966,0.04294,0.0587,0.04434,0.04504,0.04582,0.04721,0.04597,0.05893,0.05346,0.04944
473.76,,0.00126,0.02895,0.03531,0.02926,0.03814,0.04146,0.03412,0.04095,0.05781,0.04233,0.05775,0.04384,0.04305,0.04548,0.04651,0.04443,0.05906,0.05342,0.04778
474.54,,0.00085,0.02878,0.03526,0.02875,0.03763,0.04029,0.03355,0.0407,0.05664,0.04082,0.05588,0.04285,0.04272,0.04412,0.04511,0.04356,0.05724,0.0518,0.04714
475.31,,0.00161,0.02765,0.03359,0.02786,0.03571,0.03903,0.03311,0.03908,0.05602,0.04069,0.05447,0.0419,0.04196,0.04317,0.04378,0.04293,0.05645,0.05109,0.04622
476.08,,0.00115,0.02699,0.033,0.02722,0.03518,0.03843,0.03187,0.03813,0.05429,0.03943,0.05366,0.04095,0.04033,0.04206,0.04244,0.04154,0.05388,0.04857,0.04507
476.85,,0.00178,0.02581,0.03147,0.02722,0.0338,0.03692,0.03135,0.03654,0.05301,0.03921,0.05224,0.03965,0.03986,0.04043,0.04118,0.04088,0.05323,0.04763,0.0441
477.62,,0.00086,0.02559,0.03089,0.02634,0.03338,0.0363,0.03036,0.03562,0.05131,0.0379,0.05022,0.03865,0.03864,0.03906,0.04018,0.03927,0.05239,0.04709,0.04291
478.4,,0.00104,0.02432,0.02973,0.02579,0.03234,0.03494,0.02995,0.03438,0.05023,0.03739,0.04988,0.03747,0.03736,0.03845,0.03861,0.0387,0.051,0.04573,0.04205
479.17,,0.00092,0.0246,0.02962,0.02516,0.03167,0.03467,0.02932,0.03411,0.04874,0.03655,0.04785,0.03701,0.0366,0.03752,0.03845,0.03778,0.05185,0.04592,0.04085
479.94,,0.00164,0.02344,0.0293,0.02506,0.03051,0.03321,0.02852,0.03296,0.04749,0.03582,0.04689,0.03599,0.03608,0.03694,0.03681,0.03703,0.05002,0.04339,0.04035
480.71,,0.0012,0.02288,0.02795,0.0238,0.02978,0.03246,0.02793,0.03186,0.046,0.0349,0.04544,0.03471,0.03502,0.03537,0.03533,0.03592,0.04801,0.04225,0.03903
481.48,,0.00143,0.0224,0.02727,0.02361,0.02901,0.03145,0.02705,0.03069,0.04547,0.03383,0.04443,0.03351,0.03406,0.0341,0.03424,0.03525,0.04768,0.04173,0.038
482.25,,0.00328,0.02165,0.02642,0.02287,0.02761,0.03001,0.02636,0.02911,0.04385,0.03284,0.04229,0.03353,0.0328,0.0335,0.03318,0.03412,0.04557,0.03904,0.03697
483.03,,0.00164,0.02056,0.02492,0.02192,0.02639,0.02811,0.02489,0.02724,0.04064,0.03142,0.03958,0.03123,0.03121,0.03149,0.03119,0.032,0.04428,0.03826,0.03486
483.8,,0.00016,0.01979,0.02435,0.02065,0.02544,0.028,0.02331,0.0266,0.03879,0.03055,0.03769,0.03035,0.02965,0.0307,0.03034,0.03007,0.04304,0.03686,0.03279
484.57,,0,0.01907,0.02315,0.01979,0.02447,0.02692,0.02327,0.02651,0.03777,0.03021,0.03726,0.02968,0.02902,0.02938,0.02944,0.0297,0.04291,0.03687,0.03242
485.34,,0.00022,0.01876,0.02281,0.01995,0.02401,0.02643,0.023,0.02583,0.03749,0.02979,0.03677,0.02961,0.02853,0.02969,0.02918,0.02934,0.04235,0.03548,0.03212
486.11,,0.00072,0.01878,0.02284,0.02008,0.0239,0.02601,0.023,0.0255,0.03723,0.02965,0.03646,0.02879,0.02846,0.02911,0.02886,0.02946,0.04235,0.03618,0.03229
486.88,,0.00092,0.01829,0.02265,0.01943,0.02368,0.02564,0.0226,0.02474,0.03722,0.02919,0.03616,0.02835,0.02786,0.02815,0.0282,0.02918,0.04205,0.03549,0.03162
487.65,,0.00106,0.01771,0.02189,0.01936,0.02293,0.0247,0.02206,0.02375,0.03612,0.02865,0.03508,0.02817,0.02778,0.02789,0.02753,0.0289,0.04048,0.03459,0.03136
488.42,,0.00105,0.0175,0.02179,0.01919,0.0225,0.02438,0.02187,0.02331,0.03559,0.02788,0.0352,0.02803,0.02712,0.02765,0.02698,0.02805,0.04003,0.03379,0.03079
489.2,,0.00109,0.01797,0.02236,0.01881,0.0225,0.02428,0.02177,0.02301,0.03501,0.02789,0.03461,0.02716,0.02715,0.02673,0.02679,0.02825,0.03995,0.03348,0.03054
489.97,,0.00148,0.01749,0.02123,0.0182,0.0217,0.02316,0.02149,0.02234,0.0351,0.02748,0.03445,0.02652,0.02628,0.02614,0.02562,0.02772,0.03965,0.03347,0.02993
490.74,,0.00127,0.01641,0.02026,0.01761,0.02074,0.02232,0.02006,0.02104,0.03312,0.02716,0.03212,0.02619,0.02545,0.02551,0.02524,0.02628,0.03806,0.0322,0.02898
491.51,,0.00145,0.01555,0.01958,0.01697,0.01996,0.02151,0.01968,0.0206,0.03212,0.02616,0.0316,0.02491,0.02454,0.02369,0.02316,0.02547,0.03746,0.03088,0.02796
492.28,,0.00151,0.01532,0.01907,0.01658,0.01914,0.02127,0.01909,0.01967,0.03118,0.0255,0.0304,0.02405,0.02385,0.02365,0.02288,0.02472,0.03641,0.03021,0.02699
493.05,,0.00176,0.01434,0.01793,0.01688,0.01818,0.0201,0.01851,0.01869,0.03036,0.02524,0.03032,0.02334,0.02332,0.02268,0.02165,0.02411,0.0355,0.02916,0.02685
493.82,,0.00082,0.01449,0.01817,0.01527,0.01818,0.01954,0.01745,0.01892,0.03015,0.02372,0.02874,0.02275,0.02205,0.02216,0.02168,0.02316,0.03513,0.02927,0.02508
494.59,,0.00091,0.01408,0.01712,0.01506,0.01739,0.01854,0.01748,0.01832,0.02897,0.02394,0.02793,0.02252,0.02158,0.02123,0.02064,0.02266,0.03482,0.02821,0.02518
495.36,,0.00127,0.01356,0.01735,0.01491,0.01736,0.01873,0.01709,0.01767,0.02778,0.02293,0.02676,0.02223,0.0213,0.02052,0.02053,0.02237,0.03522,0.02866,0.02481
496.13,,0.00107,0.01313,0.01665,0.01467,0.01642,0.01794,0.01686,0.01684,0.02785,0.02269,0.02709,0.0211,0.02012,0.02026,0.01946,0.02151,0.03317,0.02695,0.0237
496.91,,0.00069,0.01282,0.01615,0.01401,0.01598,0.01783,0.01641,0.0165,0.02646,0.02179,0.02598,0.02112,0.01975,0.0199,0.01889,0.02076,0.03313,0.02706,0.02264
497.68,,0.00098,0.01271,0.01613,0.01387,0.01604,0.01726,0.0157,0.01634,0.02592,0.02176,0.02584,0.02027,0.01997,0.01907,0.01844,0.02083,0.03171,0.02488,0.02322
498.45,,0.00138,0.01246,0.01552,0.01324,0.01541,0.01706,0.01552,0.01545,0.02612,0.02165,0.02532,0.01971,0.01897,0.01905,0.01785,0.02015,0.03124,0.02504,0.02271
499.22,,0.00097,0.01178,0.01487,0.01314,0.01505,0.01575,0.01535,0.01469,0.025,0.02077,0.02427,0.01912,0.01819,0.01808,0.01735,0.01967,0.03071,0.02458,0.02149
499.99,,0.00119,0.01142,0.01485,0.01311,0.01463,0.01579,0.01476,0.01413,0.02472,0.02055,0.02373,0.0184,0.01797,0.01766,0.01714,0.01905,0.03057,0.02397,0.02164
500.76,,0.0012,0.01138,0.01437,0.0125,0.01417,0.01503,0.01442,0.01415,0.02403,0.02009,0.0232,0.01855,0.01791,0.01689,0.01628,0.01885,0.03007,0.02352,0.02088
501.53,,0.00079,0.0106,0.01366,0.01217,0.01385,0.01471,0.01415,0.01325,0.02418,0.01951,0.02245,0.01784,0.01697,0.01651,0.01577,0.01779,0.029,0.02227,0.02021
502.3,,0.00116,0.01089,0.01386,0.01195,0.01359,0.01445,0.01408,0.01299,0.02364,0.01963,0.02319,0.0179,0.01675,0.01648,0.01557,0.01819,0.02923,0.02299,0.01992
503.07,,0.00113,0.01052,0.01335,0.01161,0.01305,0.01425,0.0129,0.01282,0.02286,0.01914,0.02183,0.01685,0.01602,0.01562,0.01447,0.01696,0.02881,0.02199,0.01876
503.84,,0.00155,0.01011,0.01264,0.01112,0.01203,0.01344,0.01299,0.01183,0.02245,0.01903,0.02176,0.017,0.01624,0.01551,0.01464,0.01692,0.02879,0.02225,0.01846
504.61,,0.00105,0.00957,0.01225,0.01088,0.01177,0.01291,0.0122,0.01132,0.02239,0.01795,0.02087,0.01673,0.01535,0.01542,0.01412,0.01574,0.02745,0.0211,0.01869
505.38,,0.00126,0.00904,0.01229,0.01094,0.01139,0.01259,0.01258,0.01161,0.02149,0.0181,0.02041,0.01616,0.0152,0.01513,0.0137,0.01636,0.02837,0.02154,0.01841
506.15,,0.00111,0.00947,0.01231,0.01107,0.0116,0.01236,0.01255,0.01157,0.02132,0.01767,0.02011,0.01619,0.0147,0.01478,0.01307,0.0161,0.02668,0.02013,0.01775
506.92,,0.00145,0.00944,0.01249,0.01064,0.01182,0.01211,0.01211,0.01089,0.02098,0.01756,0.01986,0.0156,0.01486,0.01444,0.01277,0.01555,0.02751,0.02085,0.01783
507.69,,0.00118,0.00923,0.01161,0.01029,0.01097,0.01155,0.01203,0.01026,0.02063,0.01734,0.0196,0.0155,0.01437,0.01389,0.01274,0.015,0.02587,0.01905,0.01744
508.46,,0.00105,0.00859,0.01137,0.01025,0.01059,0.01154,0.01136,0.01038,0.01966,0.01696,0.01859,0.01468,0.01402,0.01353,0.01157,0.01516,0.02579,0.01887,0.01667
509.23,,0.00139,0.00874,0.01096,0.00966,0.01046,0.01109,0.01145,0.00946,0.01979,0.01638,0.01881,0.01509,0.01325,0.0135,0.01241,0.01445,0.02525,0.0186,0.01569
510,,0.00097,0.0085,0.01101,0.0091,0.01003,0.01128,0.01055,0.0094,0.01924,0.01576,0.01844,0.01506,0.01266,0.01331,0.01192,0.01335,0.02534,0.01885,0.01584
510.77,,0.00087,0.00772,0.01058,0.00888,0.00978,0.01023,0.0105,0.0091,0.01897,0.01543,0.01802,0.01392,0.01198,0.01186,0.01086,0.01352,0.02495,0.01817,0.01532
511.54,,0.00078,0.00719,0.01017,0.0093,0.00944,0.00986,0.01024,0.00854,0.01866,0.01545,0.01766,0.01358,0.01272,0.01177,0.01055,0.01334,0.02566,0.01914,0.01532
512.31,,0.00113,0.00746,0.01029,0.00862,0.00945,0.01018,0.01041,0.00885,0.0187,0.01486,0.01736,0.01368,0.01229,0.01139,0.0104,0.01286,0.02459,0.01792,0.01474
513.08,,0.00062,0.0078,0.01009,0.00898,0.0093,0.00991,0.00999,0.00846,0.01835,0.01476,0.01677,0.01374,0.01197,0.01121,0.01028,0.01274,0.02485,0.01834,0.01508
513.85,,0.00079,0.00681,0.00955,0.00831,0.00872,0.00966,0.00936,0.00782,0.01772,0.0141,0.01667,0.01319,0.01115,0.01125,0.01004,0.0122,0.02337,0.01765,0.01428
514.62,,0.0014,0.00762,0.0097,0.00852,0.00946,0.00966,0.00972,0.00835,0.01718,0.01507,0.01661,0.01319,0.01159,0.01143,0.01014,0.01274,0.02291,0.01671,0.01471
515.39,,0.00148,0.0069,0.00994,0.00827,0.00877,0.00975,0.00982,0.00793,0.01745,0.01444,0.01587,0.01244,0.01142,0.01096,0.0094,0.01259,0.02335,0.01598,0.01423
516.16,,0.00084,0.00663,0.00832,0.00823,0.0084,0.00836,0.00889,0.0077,0.01669,0.01415,0.01567,0.01263,0.01129,0.01039,0.00892,0.0123,0.02391,0.01713,0.01422
516.93,,0.00062,0.00679,0.00958,0.00791,0.00859,0.00886,0.00897,0.00786,0.01658,0.01388,0.01533,0.01166,0.01093,0.00984,0.00883,0.01161,0.02199,0.01515,0.01374
517.7,,0.00181,0.00595,0.00865,0.00834,0.00774,0.00811,0.00941,0.00707,0.01656,0.01472,0.01568,0.01168,0.01113,0.00997,0.00872,0.01233,0.02129,0.01462,0.01384
518.47,,0.00108,0.00642,0.00854,0.0073,0.00728,0.00794,0.00874,0.00736,0.01663,0.01316,0.0151,0.01187,0.01023,0.00986,0.00852,0.01133,0.02196,0.01602,0.01294
519.24,,0.00117,0.0061,0.00793,0.00746,0.00782,0.00761,0.0086,0.00624,0.01661,0.01329,0.01505,0.01144,0.00928,0.00945,0.00824,0.01091,0.02062,0.014,0.01274
520,,0.00192,0.00563,0.0086,0.00785,0.00748,0.00813,0.00885,0.00671,0.01653,0.0138,0.01504,0.01186,0.01003,0.00907,0.00765,0.012,0.02215,0.0161,0.01341
520.77,,0.00044,0.00597,0.00801,0.00682,0.00702,0.00744,0.00747,0.00683,0.01577,0.01256,0.0143,0.01115,0.009,0.00881,0.00849,0.01081,0.02057,0.01442,0.01245
521.54,,0.00139,0.00647,0.00865,0.00704,0.00771,0.00834,0.0081,0.007,0.01519,0.01323,0.01379,0.01126,0.00934,0.00864,0.00775,0.01051,0.02153,0.01518,0.01216
522.31,,0.001,0.00637,0.00834,0.00737,0.00752,0.00776,0.00776,0.00654,0.01585,0.01279,0.0144,0.01138,0.00939,0.00939,0.00782,0.01033,0.01983,0.01445,0.0122
523.08,,0.00067,0.0054,0.00766,0.00612,0.00692,0.00767,0.00748,0.00613,0.01508,0.01206,0.01386,0.01055,0.00902,0.0083,0.007,0.00992,0.01934,0.01323,0.01163
523.85,,0.00142,0.006,0.00766,0.00691,0.00709,0.00732,0.00814,0.00591,0.01553,0.01222,0.0143,0.00989,0.00958,0.00805,0.00663,0.01004,0.01836,0.01298,0.01175
524.62,,0.00073,0.00509,0.00733,0.00696,0.00665,0.0071,0.00729,0.00645,0.01496,0.01233,0.01389,0.01081,0.00908,0.00837,0.00741,0.00995,0.01891,0.01276,0.01153
525.39,,0.0012,0.00509,0.00798,0.00662,0.00653,0.00666,0.00729,0.0054,0.01471,0.0119,0.0131,0.0104,0.00923,0.00874,0.00703,0.01012,0.01855,0.01277,0.01147
526.16,,0.00103,0.00497,0.00725,0.00687,0.0063,0.00703,0.00756,0.00572,0.01454,0.01176,0.01291,0.00949,0.00848,0.00723,0.00622,0.00942,0.01895,0.01284,0.01076
526.93,,0.00133,0.00461,0.00671,0.00643,0.00623,0.00629,0.00758,0.00546,0.01418,0.01229,0.01253,0.00958,0.00899,0.00768,0.00615,0.01001,0.01933,0.01305,0.01133
527.7,,0.00064,0.00515,0.0068,0.00597,0.00595,0.00654,0.00712,0.00568,0.01369,0.0114,0.0129,0.01042,0.00824,0.00792,0.00713,0.00807,0.01824,0.01208,0.0104
528.46,,0.0012,0.00524,0.00748,0.006,0.0065,0.00696,0.0074,0.00569,0.01436,0.01203,0.01319,0.00985,0.00833,0.00799,0.00589,0.00865,0.01836,0.013,0.0114
529.23,,0.00158,0.00438,0.00657,0.00683,0.006,0.00602,0.00741,0.00462,0.0137,0.01202,0.01233,0.00996,0.00827,0.00716,0.00653,0.00952,0.01881,0.01302,0.01117
530,,0.00166,0.00436,0.00632,0.00653,0.00527,0.00557,0.00759,0.00478,0.0135,0.01126,0.01221,0.00915,0.00815,0.00718,0.00567,0.00932,0.01894,0.0133,0.01063
530.77,,0.00156,0.00463,0.00722,0.00609,0.00506,0.00558,0.00638,0.00494,0.01327,0.01081,0.01227,0.00943,0.00748,0.00729,0.00617,0.0089,0.01784,0.01227,0.01083
531.54,,0.00082,0.00443,0.0065,0.00599,0.00526,0.0058,0.00593,0.00442,0.01364,0.01073,0.01122,0.00884,0.00726,0.00713,0.00637,0.00854,0.01818,0.01178,0.01018
532.31,,0.0011,0.00448,0.00547,0.00563,0.00523,0.00505,0.00614,0.00427,0.0137,0.01071,0.01235,0.00866,0.00775,0.00641,0.00505,0.00858,0.01769,0.01187,0.00979
533.08,,0.00149,0.00368,0.00592,0.00581,0.00511,0.00514,0.00638,0.00411,0.01311,0.01085,0.01218,0.00919,0.00769,0.00756,0.00566,0.00834,0.01771,0.01221,0.00976
533.84,,0.00106,0.00463,0.0064,0.00588,0.00544,0.00539,0.00637,0.00473,0.01271,0.01066,0.01196,0.00906,0.00748,0.0066,0.00491,0.00829,0.01789,0.01199,0.01016
534.61,,0.00055,0.00492,0.00687,0.00557,0.00586,0.00582,0.00624,0.00492,0.01356,0.01005,0.01163,0.00834,0.00657,0.00629,0.00469,0.00759,0.0175,0.01168,0.00898
535.38,,0.00124,0.00349,0.00545,0.00553,0.00478,0.0047,0.00646,0.00355,0.0129,0.01078,0.01183,0.00843,0.00698,0.00626,0.00491,0.0081,0.0171,0.01117,0.00948
536.15,,0.0025,0.00437,0.00571,0.00665,0.0049,0.00534,0.00661,0.0045,0.01312,0.01098,0.01188,0.00877,0.00826,0.00658,0.00561,0.00851,0.01744,0.0122,0.01066
536.92,,0.00066,0.00407,0.00559,0.00527,0.00439,0.00502,0.00564,0.00354,0.01241,0.01,0.0114,0.00767,0.00685,0.0058,0.00448,0.00749,0.01779,0.01251,0.0093
537.69,,0.00201,0.00421,0.00563,0.00568,0.0047,0.00553,0.00625,0.00437,0.01252,0.01036,0.01176,0.00796,0.00698,0.00583,0.00486,0.0078,0.01784,0.01285,0.00894
538.45,,0.00121,0.00401,0.00627,0.00562,0.00468,0.0051,0.00572,0.00424,0.01182,0.00947,0.01078,0.00813,0.0067,0.00598,0.00495,0.00765,0.01751,0.01143,0.00902
539.22,,0.00104,0.00419,0.00586,0.0055,0.00499,0.00546,0.00598,0.004,0.01168,0.01022,0.01056,0.00827,0.00645,0.0065,0.00511,0.00723,0.01743,0.01131,0.00894
539.99,,0.0008,0.00385,0.00556,0.00516,0.00415,0.00497,0.00588,0.00373,0.01336,0.0099,0.01161,0.00793,0.00659,0.00585,0.00469,0.00697,0.01602,0.0107,0.00881
540.76,,0.00156,0.00447,0.00578,0.00505,0.00506,0.00536,0.00568,0.00432,0.01255,0.01013,0.01112,0.00823,0.00695,0.00578,0.00487,0.00752,0.01654,0.01078,0.00907
541.53,,0.00057,0.00461,0.00651,0.00514,0.00518,0.00555,0.005,0.00435,0.01205,0.00953,0.01158,0.00762,0.00608,0.00578,0.00441,0.00685,0.01648,0.01161,0.00833
542.29,,0.00053,0.00407,0.0056,0.00497,0.00468,0.00508,0.00528,0.004,0.01204,0.00952,0.01088,0.00806,0.00552,0.00579,0.00464,0.00675,0.01639,0.01085,0.00897
543.06,,0.00144,0.00383,0.00544,0.00511,0.00454,0.00517,0.00553,0.00351,0.01165,0.00922,0.01069,0.00794,0.00572,0.00574,0.00421,0.00721,0.01736,0.01216,0.00887
543.83,,0.00101,0.00421,0.00533,0.00544,0.00457,0.005,0.0056,0.00372,0.01211,0.0095,0.01154,0.00798,0.00618,0.00527,0.0041,0.00718,0.01542,0.01005,0.00862
544.6,,0.00102,0.00435,0.00547,0.00529,0.00413,0.00445,0.00561,0.00353,0.01174,0.00922,0.0108,0.00792,0.00644,0.00542,0.0046,0.0072,0.01533,0.01066,0.00847
545.37,,0.00123,0.00421,0.00586,0.00458,0.00469,0.00507,0.00566,0.004,0.01284,0.00908,0.01094,0.00746,0.00633,0.00574,0.00429,0.00627,0.01662,0.01161,0.00812
546.13,,0.00197,0.00398,0.00568,0.00545,0.0042,0.00455,0.00539,0.00371,0.0112,0.01017,0.00986,0.00739,0.00661,0.00557,0.00471,0.00732,0.01658,0.01081,0.00936
546.9,,0.00155,0.00318,0.00511,0.00452,0.00441,0.00452,0.00517,0.00345,0.01148,0.00991,0.01058,0.00779,0.00659,0.00589,0.00434,0.0066,0.01619,0.01104,0.00844
547.67,,0.00127,0.00338,0.00484,0.00519,0.00425,0.00387,0.00518,0.00295,0.01189,0.00964,0.01103,0.00789,0.00622,0.00585,0.00492,0.0069,0.01552,0.01044,0.00905
548.44,,0.00139,0.00342,0.00547,0.00488,0.00404,0.00432,0.00509,0.00344,0.01133,0.00877,0.01032,0.00811,0.00619,0.00617,0.00453,0.00729,0.0151,0.00993,0.00835
549.2,,0.00165,0.00404,0.00505,0.00552,0.00412,0.00441,0.00594,0.00329,0.01149,0.00974,0.01019,0.00822,0.00623,0.00576,0.00518,0.00699,0.01564,0.01017,0.00865
549.97,,0.00184,0.00382,0.00516,0.00508,0.00418,0.00481,0.00536,0.00395,0.01085,0.00985,0.01039,0.00849,0.00598,0.00568,0.00447,0.00723,0.01512,0.00972,0.00886
550.74,,0.00142,0.00343,0.00468,0.00481,0.00398,0.00405,0.00547,0.00316,0.01083,0.00962,0.00921,0.00754,0.00584,0.00508,0.00443,0.00656,0.01538,0.01089,0.00814
551.51,,0.00173,0.00343,0.0052,0.00498,0.0043,0.00467,0.00558,0.00319,0.01178,0.0094,0.01017,0.00778,0.0064,0.00606,0.005,0.00695,0.0149,0.01003,0.0088
552.27,,0.00216,0.0035,0.00499,0.00526,0.00417,0.00411,0.00525,0.0034,0.01116,0.00963,0.00946,0.00827,0.00623,0.00623,0.0046,0.00708,0.01383,0.00963,0.00899
553.04,,0.00152,0.00436,0.00542,0.00493,0.00432,0.00455,0.00546,0.00379,0.01117,0.00955,0.00989,0.00778,0.00606,0.00573,0.00448,0.00688,0.01412,0.00925,0.00855
553.81,,0.00177,0.00305,0.00464,0.00547,0.00428,0.00409,0.00549,0.00358,0.0112,0.00944,0.00977,0.00795,0.00644,0.0054,0.00464,0.00659,0.01355,0.00967,0.0087
554.57,,0.0018,0.00321,0.00433,0.00517,0.0039,0.00394,0.00564,0.00316,0.01122,0.00946,0.00986,0.00738,0.00588,0.00583,0.00454,0.00673,0.01464,0.01067,0.00825
555.34,,0.00215,0.00326,0.00546,0.00562,0.00402,0.00441,0.00616,0.0039,0.01072,0.00975,0.00947,0.00788,0.00679,0.00552,0.00465,0.00738,0.01432,0.01115,0.00905
556.11,,0.00161,0.00328,0.00481,0.00521,0.00364,0.00462,0.00558,0.00339,0.01041,0.00915,0.00915,0.00745,0.00624,0.00547,0.00407,0.00693,0.01358,0.00957,0.00827
556.88,,0.00196,0.00384,0.00511,0.00562,0.00413,0.00423,0.00501,0.00393,0.01068,0.00916,0.00961,0.00796,0.00613,0.00533,0.00406,0.00728,0.01401,0.01067,0.00834
557.64,,0.00177,0.00348,0.00505,0.00544,0.00393,0.00442,0.00549,0.00353,0.01156,0.00951,0.01005,0.00716,0.00603,0.00541,0.00433,0.00726,0.01264,0.00959,0.00853
558.41,,0.00247,0.00332,0.00485,0.00576,0.00437,0.00418,0.00606,0.00334,0.01122,0.01031,0.00965,0.00747,0.00677,0.00562,0.00425,0.00741,0.01333,0.00955,0.00895
559.18,,0.00204,0.00375,0.00517,0.00554,0.0041,0.00419,0.00596,0.00345,0.01085,0.00946,0.00931,0.00831,0.00651,0.00628,0.00496,0.00718,0.01296,0.01034,0.0085
559.94,,0.00217,0.0039,0.00519,0.00547,0.00423,0.00429,0.00593,0.00338,0.01109,0.00973,0.00993,0.00743,0.00596,0.00535,0.00464,0.00712,0.01293,0.0096,0.00857
560.71,,0.00237,0.0031,0.00454,0.00566,0.0035,0.00392,0.00539,0.00315,0.01149,0.00918,0.00972,0.00714,0.00615,0.0055,0.00459,0.00704,0.01271,0.00971,0.00829
561.48,,0.00223,0.00375,0.00522,0.0056,0.00392,0.00455,0.00565,0.00356,0.01134,0.00965,0.00973,0.00734,0.00674,0.00566,0.00489,0.00774,0.01206,0.00922,0.00903
562.24,,0.00213,0.00395,0.00522,0.00515,0.00455,0.00486,0.00565,0.00418,0.0108,0.00922,0.00942,0.0074,0.00621,0.00588,0.00478,0.00696,0.01258,0.00941,0.00859
563.01,,0.0016,0.00364,0.00489,0.00505,0.0042,0.00461,0.00558,0.0038,0.01101,0.00922,0.00959,0.00755,0.00632,0.00569,0.00532,0.00695,0.01166,0.00887,0.00852
563.78,,0.00204,0.00332,0.00483,0.00573,0.00449,0.00425,0.00642,0.00341,0.01056,0.00937,0.00911,0.00781,0.00653,0.00587,0.00528,0.00719,0.01241,0.00926,0.0085
564.54,,0.00254,0.00382,0.00558,0.00572,0.0048,0.00487,0.00614,0.00423,0.01071,0.00982,0.00933,0.00762,0.00666,0.00602,0.00492,0.00717,0.01255,0.0094,0.00899
565.31,,0.0024,0.00453,0.00536,0.00631,0.00521,0.00511,0.00638,0.00421,0.01111,0.01014,0.00974,0.00795,0.0071,0.00553,0.005,0.00766,0.01266,0.00999,0.00926
566.08,,0.00235,0.00412,0.00521,0.00617,0.00424,0.00481,0.00604,0.00416,0.01149,0.00932,0.00976,0.00734,0.00592,0.00517,0.00513,0.00743,0.01241,0.0097,0.00899
566.84,,0.00168,0.00384,0.00506,0.00534,0.00444,0.0046,0.00571,0.00384,0.01195,0.00881,0.01043,0.00796,0.0061,0.00561,0.00434,0.00715,0.01275,0.00935,0.00886
567.61,,0.00189,0.00422,0.00537,0.00547,0.00465,0.00442,0.00595,0.0041,0.01118,0.00914,0.01004,0.00804,0.00614,0.00614,0.0046,0.00723,0.01321,0.01008,0.00833
568.38,,0.00102,0.00402,0.00529,0.00622,0.00416,0.00521,0.00518,0.00416,0.01103,0.00915,0.00997,0.00758,0.0061,0.00589,0.00454,0.00692,0.01356,0.00977,0.00862
569.14,,0.00145,0.00399,0.00487,0.00595,0.00395,0.00479,0.00574,0.00402,0.01129,0.00924,0.00977,0.00793,0.00622,0.00651,0.00515,0.0068,0.01424,0.01052,0.00859
569.91,,0.00156,0.00421,0.00511,0.00613,0.0046,0.00471,0.00594,0.00418,0.01131,0.00881,0.00953,0.00792,0.0063,0.00591,0.00509,0.00716,0.01396,0.01024,0.00854
570.67,,0.00203,0.0043,0.00519,0.0063,0.0048,0.00503,0.00617,0.00428,0.01091,0.00943,0.00989,0.00781,0.00637,0.0057,0.00461,0.00752,0.01372,0.00987,0.00866
571.44,,0.00193,0.00384,0.00522,0.00639,0.00448,0.00475,0.00624,0.00385,0.01112,0.00961,0.01032,0.00766,0.00683,0.00591,0.00473,0.00738,0.01466,0.01117,0.00915
572.21,,0.00156,0.00439,0.00534,0.00614,0.00441,0.0047,0.00596,0.00407,0.01082,0.00935,0.00949,0.008,0.00676,0.00581,0.00487,0.00741,0.0148,0.01083,0.00902
572.97,,0.00134,0.00433,0.00523,0.00574,0.00433,0.00491,0.00566,0.00358,0.01138,0.00919,0.01034,0.00813,0.00637,0.00648,0.00557,0.00725,0.01481,0.01057,0.00851
573.74,,0.00187,0.00449,0.00544,0.00601,0.00461,0.00489,0.00605,0.00384,0.01117,0.00935,0.01049,0.00776,0.00664,0.00591,0.00515,0.00764,0.01548,0.01125,0.00894
574.5,,0.00183,0.00457,0.00543,0.00619,0.00487,0.00473,0.00591,0.00368,0.01144,0.00938,0.01046,0.0083,0.0067,0.00625,0.00542,0.00778,0.01434,0.01037,0.00884
575.27,,0.00186,0.00488,0.00597,0.00619,0.0047,0.00519,0.00626,0.00402,0.01096,0.00935,0.01011,0.00802,0.00697,0.00651,0.00527,0.00747,0.01537,0.01058,0.00892
576.03,,0.001,0.00451,0.00533,0.0058,0.00484,0.00532,0.00569,0.00389,0.0106,0.00924,0.01026,0.00756,0.00652,0.00609,0.00532,0.00724,0.01506,0.01067,0.00919
576.8,,0.00163,0.00448,0.00578,0.00645,0.00491,0.00512,0.00603,0.00399,0.01114,0.00966,0.01046,0.008,0.00656,0.00635,0.00498,0.00735,0.01554,0.01143,0.00926
577.57,,0.00202,0.00508,0.00563,0.00644,0.00505,0.00527,0.00624,0.00403,0.01126,0.00955,0.01069,0.00773,0.00671,0.00652,0.00556,0.00765,0.01499,0.01066,0.00919
578.33,,0.00229,0.00483,0.00587,0.00646,0.00541,0.00551,0.00622,0.00442,0.01142,0.00939,0.01053,0.00812,0.00714,0.00603,0.00514,0.00784,0.01497,0.01074,0.00939
579.1,,0.00149,0.00473,0.00554,0.0062,0.00482,0.00504,0.00597,0.00427,0.01145,0.00973,0.01086,0.00788,0.00682,0.00628,0.00529,0.00763,0.01552,0.01113,0.00908
579.86,,0.00124,0.00416,0.00543,0.00641,0.00501,0.00501,0.0058,0.00393,0.0109,0.00967,0.01039,0.008,0.00665,0.00651,0.00554,0.00755,0.01483,0.01107,0.0093
580.63,,0.00148,0.00462,0.00568,0.00647,0.00486,0.00516,0.00634,0.00429,0.01115,0.00984,0.01034,0.00818,0.00704,0.00653,0.00578,0.00794,0.01479,0.01053,0.00943
581.39,,0.00185,0.00488,0.00608,0.00668,0.00545,0.0057,0.00643,0.00481,0.01148,0.00983,0.0106,0.00815,0.00698,0.00638,0.00565,0.00791,0.01457,0.01074,0.00971
582.16,,0.00181,0.00498,0.00604,0.00642,0.00537,0.00568,0.00639,0.00491,0.01131,0.00978,0.01063,0.00826,0.00712,0.00669,0.00578,0.00805,0.01438,0.01085,0.00976
582.92,,0.00154,0.00493,0.00609,0.0064,0.00536,0.00541,0.00618,0.00464,0.01107,0.00989,0.01049,0.00812,0.00685,0.00705,0.00563,0.0078,0.01388,0.01067,0.00964
583.69,,0.00177,0.00479,0.00567,0.00637,0.00503,0.00564,0.00628,0.00473,0.01152,0.00962,0.0109,0.00871,0.00707,0.007,0.00615,0.0079,0.01346,0.01024,0.00951
584.45,,0.00187,0.00487,0.00597,0.00651,0.00536,0.00558,0.00663,0.00464,0.0114,0.00966,0.01025,0.00845,0.00737,0.00701,0.0058,0.00788,0.01314,0.01047,0.00982
585.22,,0.00202,0.00463,0.00615,0.00648,0.00558,0.00567,0.00659,0.00485,0.01102,0.01,0.01056,0.00896,0.00721,0.00716,0.00609,0.00828,0.01389,0.01097,0.00984
585.99,,0.00257,0.00487,0.0056,0.0067,0.00474,0.0053,0.0067,0.00474,0.01154,0.01016,0.01075,0.0085,0.00756,0.00676,0.0063,0.00835,0.01249,0.00988,0.00992
586.75,,0.00224,0.00456,0.00564,0.00704,0.00506,0.0054,0.00673,0.00467,0.01113,0.0101,0.01056,0.00866,0.00769,0.00675,0.00586,0.00807,0.01229,0.01009,0.00988
587.52,,0.00217,0.005,0.00591,0.00637,0.00538,0.0062,0.00671,0.00509,0.0111,0.0103,0.00964,0.00841,0.00773,0.00693,0.00614,0.00854,0.01308,0.01091,0.00983
588.28,,0.00284,0.00455,0.00559,0.0066,0.00533,0.00554,0.00687,0.00497,0.01097,0.01012,0.00958,0.00885,0.00759,0.00701,0.00636,0.00836,0.01164,0.00948,0.00989
589.05,,0.00234,0.00459,0.00575,0.00624,0.00562,0.00587,0.00689,0.00498,0.01089,0.01024,0.01034,0.00862,0.00788,0.00693,0.00595,0.00823,0.01205,0.01085,0.00966
589.81,,0.00335,0.00449,0.00541,0.00714,0.00478,0.0054,0.00738,0.00515,0.01135,0.01058,0.01008,0.00826,0.00845,0.00729,0.00608,0.00851,0.01125,0.01016,0.01037
590.57,,0.00242,0.0046,0.00618,0.00641,0.00515,0.00561,0.00648,0.00522,0.01073,0.00985,0.00948,0.00866,0.00766,0.00711,0.00633,0.00861,0.0112,0.01016,0.0096
591.34,,0.00273,0.00454,0.00584,0.00701,0.00499,0.00578,0.00643,0.00504,0.01123,0.00995,0.01007,0.00859,0.0074,0.00722,0.00649,0.00834,0.01119,0.01019,0.00989
592.1,,0.00293,0.00473,0.00568,0.00655,0.00541,0.00555,0.00741,0.00531,0.01042,0.01044,0.00982,0.0085,0.008,0.00707,0.00653,0.00907,0.01023,0.00954,0.0102
592.87,,0.00266,0.00437,0.00565,0.00656,0.00553,0.00581,0.00667,0.00498,0.01101,0.00982,0.00942,0.00858,0.00747,0.00719,0.00648,0.00852,0.01153,0.0106,0.00998
593.63,,0.00246,0.00491,0.00592,0.00631,0.0054,0.00624,0.00726,0.00544,0.01117,0.01025,0.01016,0.0089,0.0076,0.00707,0.00641,0.00841,0.01021,0.0093,0.00973
594.4,,0.00315,0.00426,0.0054,0.00696,0.00551,0.00542,0.00753,0.00527,0.01092,0.0106,0.00924,0.0088,0.00816,0.00768,0.00687,0.00913,0.00999,0.00979,0.01061
595.16,,0.00297,0.00425,0.00532,0.0067,0.00568,0.0054,0.00691,0.00556,0.0111,0.01022,0.00965,0.00851,0.00779,0.00743,0.00662,0.00852,0.01054,0.01016,0.00996
595.93,,0.00329,0.00439,0.00538,0.0071,0.00519,0.00549,0.0075,0.00522,0.01066,0.01062,0.00925,0.00872,0.00822,0.00728,0.00684,0.00892,0.01071,0.01051,0.01012
596.69,,0.00278,0.00504,0.00611,0.0068,0.00532,0.00602,0.00678,0.0055,0.01135,0.01006,0.00939,0.00888,0.00785,0.00735,0.00734,0.0085,0.00967,0.00958,0.00965
597.46,,0.00318,0.0046,0.00601,0.00716,0.00531,0.00644,0.00731,0.00571,0.01077,0.01077,0.01011,0.00876,0.00837,0.00792,0.00686,0.00889,0.0103,0.00982,0.01027
598.22,,0.00329,0.00442,0.00585,0.0068,0.00527,0.00585,0.00716,0.00561,0.01085,0.01077,0.00935,0.00863,0.0081,0.00711,0.00654,0.00845,0.01072,0.01065,0.01015
598.98,,0.00333,0.00524,0.00611,0.00704,0.00579,0.00628,0.00746,0.00594,0.01069,0.01079,0.00937,0.00931,0.00831,0.00798,0.00717,0.00905,0.00922,0.00898,0.01054
599.75,,0.00338,0.00532,0.0063,0.00713,0.00614,0.00671,0.00751,0.00627,0.011,0.01061,0.00935,0.00843,0.00829,0.00753,0.00684,0.009,0.01076,0.0102,0.01025
600.51,,0.00303,0.00432,0.00584,0.00646,0.00532,0.00563,0.00695,0.00555,0.01135,0.01008,0.00957,0.00904,0.00798,0.00787,0.00732,0.00858,0.00916,0.00948,0.01012
601.28,,0.00302,0.00457,0.00578,0.007,0.00541,0.00585,0.00723,0.00559,0.01085,0.01029,0.00942,0.00909,0.00831,0.00771,0.0072,0.00864,0.00993,0.01012,0.01009
602.04,,0.00283,0.005,0.00627,0.00621,0.00585,0.00647,0.00724,0.00593,0.01068,0.01047,0.0095,0.00867,0.00774,0.00707,0.00694,0.00848,0.01008,0.01009,0.00995
602.8,,0.00312,0.00444,0.00557,0.00692,0.00527,0.00561,0.00749,0.00568,0.01051,0.01043,0.00933,0.00893,0.00793,0.00784,0.0073,0.0088,0.00991,0.00969,0.01003
603.57,,0.00295,0.00495,0.00597,0.00694,0.00579,0.00565,0.00712,0.00579,0.01029,0.01032,0.00878,0.00892,0.00825,0.00778,0.00713,0.00901,0.01026,0.01004,0.01015
604.33,,0.00335,0.00526,0.00626,0.00689,0.00599,0.00615,0.00725,0.00616,0.01111,0.01027,0.00946,0.00887,0.00834,0.00794,0.00725,0.00865,0.00999,0.01037,0.01019
605.1,,0.00316,0.0052,0.00612,0.0068,0.00601,0.00589,0.00732,0.00602,0.01071,0.01047,0.00942,0.00907,0.00825,0.00766,0.00709,0.00879,0.00975,0.01007,0.01019
605.86,,0.00296,0.00484,0.00606,0.00695,0.00542,0.00612,0.00713,0.00592,0.01072,0.01015,0.00902,0.00863,0.008,0.00747,0.00714,0.00886,0.0098,0.00971,0.01015
606.62,,0.00275,0.00468,0.00585,0.00674,0.00558,0.00591,0.00729,0.00578,0.01032,0.0102,0.00961,0.00901,0.00792,0.00723,0.00732,0.00857,0.00947,0.00976,0.01011
607.39,,0.00297,0.00486,0.00574,0.00702,0.00565,0.006,0.00739,0.00599,0.01096,0.01041,0.00941,0.00918,0.00799,0.00776,0.00722,0.00903,0.01014,0.00951,0.01019
608.15,,0.00295,0.00495,0.00594,0.00661,0.00581,0.00615,0.00706,0.0058,0.0102,0.01009,0.00877,0.0087,0.00803,0.00744,0.00693,0.00836,0.01034,0.01008,0.00994
608.91,,0.00308,0.00533,0.00572,0.007,0.00601,0.00653,0.00742,0.00623,0.01093,0.01033,0.00946,0.00915,0.00834,0.00759,0.00697,0.00898,0.00885,0.00935,0.01001
609.68,,0.00348,0.00426,0.00548,0.00711,0.00542,0.00583,0.00707,0.00569,0.01041,0.01018,0.00893,0.00908,0.0078,0.00746,0.00734,0.00914,0.00973,0.00963,0.00988
610.44,,0.00315,0.00475,0.00576,0.00705,0.00542,0.00554,0.00759,0.00571,0.01034,0.01039,0.00913,0.00873,0.00799,0.00792,0.00706,0.00912,0.00905,0.00908,0.01045
611.2,,0.00366,0.00422,0.00561,0.00767,0.00505,0.00585,0.00783,0.00571,0.01059,0.01069,0.0094,0.00877,0.00836,0.0076,0.00675,0.00924,0.00913,0.00933,0.01056
611.97,,0.00286,0.00509,0.00588,0.00675,0.0059,0.00604,0.00708,0.0059,0.01056,0.00988,0.00914,0.00891,0.00798,0.00745,0.00743,0.00901,0.0098,0.01016,0.01007
612.73,,0.00316,0.00445,0.00566,0.0071,0.00523,0.00579,0.00745,0.00541,0.01065,0.01029,0.00907,0.00886,0.00807,0.0076,0.00686,0.00884,0.00989,0.01045,0.01016
613.49,,0.00292,0.00476,0.00548,0.00662,0.00601,0.00613,0.00747,0.00549,0.01032,0.01041,0.00925,0.00881,0.00809,0.0078,0.00714,0.00908,0.0093,0.00952,0.01031
614.26,,0.00288,0.00471,0.00545,0.00707,0.00508,0.00558,0.00706,0.00548,0.01016,0.01023,0.00895,0.00878,0.0079,0.00765,0.00699,0.0085,0.01038,0.01033,0.01022
615.02,,0.0029,0.00476,0.00556,0.00673,0.00543,0.00574,0.00734,0.00599,0.01037,0.01026,0.00912,0.0089,0.00823,0.00794,0.00724,0.0085,0.01009,0.01054,0.01026
615.78,,0.00258,0.00458,0.0053,0.00645,0.00553,0.00594,0.00674,0.00544,0.01045,0.0097,0.00906,0.00841,0.00774,0.00743,0.00692,0.00868,0.00997,0.01051,0.00977
616.55,,0.00305,0.00486,0.00589,0.00681,0.00539,0.00592,0.00724,0.00569,0.00994,0.01026,0.00917,0.00884,0.00806,0.00775,0.00679,0.00862,0.00986,0.00982,0.00985
617.31,,0.00268,0.00493,0.0056,0.00662,0.00552,0.00598,0.00731,0.00581,0.0104,0.00993,0.00875,0.00904,0.00756,0.00808,0.00734,0.00843,0.01051,0.01038,0.00971
618.07,,0.00257,0.0048,0.00562,0.00695,0.00587,0.00607,0.00694,0.00568,0.01037,0.00987,0.00939,0.00878,0.00773,0.00793,0.00728,0.0084,0.01,0.01042,0.00964
618.84,,0.00274,0.00479,0.00557,0.00647,0.00536,0.00582,0.00682,0.00574,0.0103,0.00987,0.00858,0.00872,0.00769,0.00767,0.00755,0.00845,0.00953,0.01037,0.00991
619.6,,0.00297,0.0045,0.00565,0.00645,0.00519,0.00553,0.00703,0.00539,0.01027,0.01006,0.00889,0.00893,0.00791,0.00784,0.00729,0.00815,0.00991,0.00998,0.01003
620.36,,0.00319,0.00487,0.00583,0.00698,0.00587,0.00655,0.00711,0.00607,0.00993,0.01033,0.00888,0.00902,0.008,0.00789,0.00761,0.00876,0.00968,0.0098,0.01015
621.12,,0.00318,0.00483,0.00561,0.00674,0.00561,0.00575,0.00739,0.00519,0.0104,0.01027,0.0089,0.00888,0.00826,0.00758,0.00685,0.00887,0.00974,0.01024,0.01027
621.89,,0.00275,0.0044,0.00527,0.00658,0.00494,0.00516,0.00676,0.0055,0.00999,0.00973,0.00887,0.00868,0.00732,0.00747,0.00722,0.00823,0.00939,0.00954,0.00922
622.65,,0.00274,0.0049,0.00571,0.00624,0.00552,0.00581,0.00682,0.00564,0.01011,0.01021,0.00885,0.00839,0.0081,0.00726,0.00695,0.00834,0.00972,0.00937,0.00988
623.41,,0.00255,0.00454,0.00554,0.00661,0.00511,0.00616,0.00688,0.00552,0.00985,0.00938,0.00884,0.00888,0.00747,0.00767,0.00745,0.00819,0.00975,0.00936,0.00908
624.17,,0.00287,0.00497,0.00574,0.00638,0.00522,0.0059,0.00655,0.0059,0.00992,0.00999,0.00887,0.00838,0.00764,0.0073,0.00677,0.00841,0.00938,0.00934,0.00971
624.94,,0.00276,0.00488,0.00589,0.00687,0.00583,0.00654,0.00705,0.00613,0.00996,0.00985,0.00893,0.00865,0.00744,0.00697,0.00676,0.00854,0.00951,0.00982,0.00966
625.7,,0.0026,0.00424,0.00513,0.00631,0.00506,0.00531,0.00666,0.00528,0.00966,0.00969,0.00843,0.00837,0.00768,0.00749,0.00694,0.00844,0.00882,0.00917,0.00968
626.46,,0.00279,0.00497,0.00542,0.00616,0.00531,0.00591,0.00677,0.00572,0.00987,0.00946,0.00855,0.00857,0.00788,0.0074,0.00695,0.0079,0.00954,0.00978,0.00915
627.22,,0.0026,0.00483,0.00555,0.00599,0.00534,0.00601,0.00649,0.00559,0.00883,0.00913,0.00791,0.00814,0.0074,0.00695,0.00642,0.00797,0.00937,0.00975,0.00884
627.99,,0.00329,0.0045,0.0051,0.00683,0.00526,0.0058,0.00675,0.00514,0.00971,0.00992,0.00861,0.0082,0.00739,0.00715,0.00611,0.00815,0.00879,0.00901,0.0094
628.75,,0.0031,0.0047,0.00539,0.00677,0.00529,0.00554,0.00685,0.00538,0.00974,0.00978,0.00826,0.0082,0.00777,0.00747,0.0069,0.00829,0.0087,0.00925,0.00932
629.51,,0.00256,0.00423,0.005,0.00609,0.00515,0.00514,0.00665,0.0052,0.00956,0.00914,0.00814,0.00829,0.00761,0.0068,0.00682,0.00786,0.00845,0.0089,0.00938
630.27,,0.00311,0.00425,0.00531,0.00617,0.0049,0.00519,0.00649,0.00523,0.00928,0.009,0.00764,0.00792,0.00731,0.00707,0.00686,0.00819,0.00851,0.00881,0.00909
631.03,,0.00271,0.00405,0.00498,0.00616,0.00496,0.00528,0.00662,0.00511,0.00947,0.00953,0.00819,0.00845,0.00742,0.00711,0.00638,0.00782,0.00808,0.00916,0.00908
631.8,,0.00343,0.00398,0.00517,0.00617,0.00499,0.0055,0.00685,0.00527,0.00946,0.0094,0.00777,0.00814,0.00713,0.00689,0.00618,0.0078,0.00839,0.00932,0.00932
632.56,,0.00234,0.00401,0.00485,0.00623,0.00458,0.00503,0.00608,0.00484,0.00922,0.00868,0.00798,0.00822,0.00671,0.00726,0.00672,0.00795,0.0078,0.00833,0.00888
633.32,,0.00301,0.00391,0.00535,0.00635,0.00505,0.00549,0.00652,0.00502,0.00916,0.00935,0.00802,0.00844,0.00712,0.00742,0.00668,0.00743,0.0084,0.00869,0.00908
634.08,,0.00329,0.00424,0.00513,0.00636,0.00486,0.00526,0.00676,0.00516,0.00927,0.00937,0.00793,0.00801,0.00746,0.00691,0.00646,0.00818,0.00775,0.00831,0.00941
634.84,,0.00287,0.0041,0.00539,0.00601,0.00535,0.00564,0.00642,0.00566,0.00868,0.00922,0.00764,0.00776,0.00664,0.00675,0.00641,0.00823,0.00822,0.00896,0.0089
635.61,,0.00338,0.00406,0.00528,0.00601,0.00468,0.00541,0.00653,0.0053,0.00875,0.00928,0.00762,0.00814,0.00706,0.00658,0.00638,0.00765,0.00875,0.00888,0.00897
636.37,,0.00247,0.00435,0.00506,0.00571,0.00482,0.00539,0.00605,0.00513,0.00865,0.00903,0.00735,0.00766,0.0067,0.00656,0.00607,0.00757,0.00826,0.00825,0.00853
637.13,,0.00291,0.00397,0.00419,0.00571,0.00447,0.00466,0.00603,0.00507,0.00866,0.00923,0.00719,0.00728,0.00684,0.00678,0.00619,0.00739,0.00854,0.00894,0.00872
637.89,,0.00304,0.00407,0.00462,0.00594,0.00424,0.00494,0.00629,0.00487,0.00881,0.00909,0.00767,0.00754,0.0069,0.00657,0.00622,0.00763,0.00777,0.00799,0.00878
638.65,,0.00252,0.00349,0.00435,0.00545,0.00442,0.00477,0.00594,0.00464,0.00916,0.00871,0.00764,0.008,0.0068,0.00682,0.00662,0.00708,0.00786,0.00866,0.00843
639.41,,0.00295,0.00371,0.0047,0.00592,0.0048,0.00487,0.00634,0.00472,0.00886,0.00871,0.00791,0.00756,0.00708,0.00654,0.00601,0.0075,0.00747,0.008,0.0085
640.17,,0.00306,0.00375,0.00459,0.00607,0.00432,0.00488,0.00618,0.00465,0.00875,0.00867,0.00757,0.0076,0.00685,0.00662,0.00603,0.00731,0.00664,0.0077,0.00854
640.94,,0.00311,0.00355,0.00455,0.00595,0.00411,0.00461,0.00641,0.00473,0.00865,0.00855,0.00759,0.0074,0.00661,0.00655,0.00626,0.00766,0.00727,0.00773,0.00823
641.7,,0.00262,0.00389,0.00475,0.00534,0.00446,0.00456,0.00555,0.00466,0.00847,0.00855,0.00733,0.00701,0.00638,0.00611,0.00578,0.00729,0.00719,0.00781,0.0082
642.46,,0.00277,0.00356,0.00423,0.00544,0.00418,0.00453,0.00564,0.0043,0.00867,0.00813,0.00716,0.00668,0.00637,0.00574,0.00544,0.00654,0.00662,0.0075,0.00825
643.22,,0.00292,0.00345,0.00396,0.00573,0.00416,0.00477,0.00595,0.00423,0.00817,0.00883,0.00695,0.0071,0.00666,0.00592,0.00536,0.00759,0.00748,0.00798,0.00822
643.98,,0.00291,0.00409,0.00459,0.00529,0.00449,0.00467,0.00564,0.00465,0.00816,0.00836,0.00716,0.00709,0.00609,0.00588,0.00534,0.00666,0.00696,0.00761,0.00807
644.74,,0.00291,0.00377,0.00468,0.00497,0.00463,0.00476,0.00573,0.0043,0.00853,0.00787,0.0071,0.00748,0.006,0.00645,0.00602,0.00679,0.00725,0.008,0.00763
645.5,,0.0026,0.00347,0.00417,0.00529,0.00421,0.00423,0.00559,0.00438,0.00849,0.00806,0.00731,0.00672,0.00598,0.00576,0.00538,0.0068,0.00736,0.0081,0.00793
646.26,,0.00287,0.00368,0.00461,0.00517,0.00431,0.00466,0.00566,0.00465,0.00814,0.00821,0.0073,0.00745,0.00613,0.00627,0.00583,0.00684,0.00627,0.00709,0.00791
647.02,,0.00297,0.00403,0.00464,0.00541,0.00482,0.00455,0.00574,0.0049,0.00782,0.00819,0.00672,0.00695,0.00611,0.00571,0.00542,0.00714,0.00733,0.00762,0.00764
647.79,,0.0025,0.00333,0.00391,0.00506,0.00422,0.00436,0.00551,0.00448,0.00816,0.00797,0.00674,0.00609,0.00557,0.0056,0.0054,0.00675,0.00577,0.00663,0.00738
648.55,,0.00295,0.0036,0.0041,0.00529,0.00414,0.00438,0.00545,0.00475,0.00782,0.00808,0.00665,0.00716,0.00609,0.00595,0.00558,0.0066,0.00741,0.0077,0.00757
649.31,,0.00281,0.00339,0.00404,0.00492,0.00379,0.00429,0.00527,0.004,0.00768,0.00771,0.0068,0.00667,0.00571,0.00556,0.00503,0.00635,0.00705,0.00741,0.00758
650.07,,0.00311,0.0034,0.00438,0.00518,0.00417,0.00473,0.00533,0.00428,0.00692,0.00759,0.0063,0.00654,0.00602,0.00507,0.00535,0.00617,0.0066,0.00768,0.00752
650.83,,0.00239,0.00335,0.00394,0.00434,0.00415,0.00403,0.00493,0.00409,0.00768,0.00761,0.00623,0.00673,0.00553,0.00547,0.00522,0.00613,0.0061,0.00656,0.00687
651.59,,0.00263,0.00367,0.00411,0.00473,0.00415,0.00402,0.00508,0.00402,0.00728,0.00742,0.00635,0.00674,0.00552,0.0054,0.00521,0.00591,0.00693,0.00725,0.00688
652.35,,0.00331,0.00344,0.00418,0.00525,0.00421,0.00406,0.00501,0.00423,0.00758,0.00771,0.00652,0.00639,0.00575,0.00503,0.00455,0.0066,0.00712,0.00721,0.00735
653.11,,0.00344,0.00371,0.0044,0.0053,0.00415,0.00452,0.00507,0.00366,0.0082,0.00739,0.00717,0.00623,0.00556,0.00523,0.00469,0.00635,0.00762,0.007,0.00757
653.87,,0.00063,0.00375,0.00408,0.00437,0.00402,0.00418,0.00407,0.00406,0.00732,0.00665,0.00651,0.00601,0.00456,0.00517,0.00456,0.00519,0.0092,0.00803,0.00676
654.63,,0.00082,0.00347,0.00367,0.00405,0.00392,0.00443,0.00389,0.00393,0.00739,0.00653,0.00648,0.006,0.00456,0.00488,0.00441,0.00506,0.00908,0.00765,0.00629
655.39,,0.00096,0.00352,0.00399,0.00421,0.00398,0.00403,0.00397,0.0037,0.00718,0.00635,0.00657,0.00595,0.00463,0.00479,0.00444,0.0052,0.00922,0.00789,0.00655
656.15,,0.00172,0.00326,0.00388,0.00465,0.00389,0.0038,0.00473,0.00339,0.00743,0.00701,0.00663,0.00612,0.00511,0.00506,0.00472,0.00584,0.00858,0.00763,0.00664
656.91,,0.00268,0.00331,0.00384,0.00474,0.00388,0.00384,0.00473,0.00367,0.00724,0.00717,0.00637,0.00631,0.00551,0.0051,0.00477,0.00599,0.0079,0.00718,0.0072
657.67,,0.00202,0.00315,0.00368,0.00444,0.00373,0.00373,0.00411,0.00375,0.00758,0.00665,0.00648,0.00579,0.0049,0.00458,0.00442,0.0055,0.00795,0.0074,0.00644
658.43,,0.00236,0.00278,0.00335,0.00426,0.00341,0.00351,0.00452,0.00324,0.00711,0.00706,0.0059,0.00556,0.00497,0.00471,0.00425,0.00564,0.00704,0.00681,0.00662
659.19,,0.00225,0.00295,0.00363,0.00401,0.00329,0.00356,0.00449,0.0033,0.00713,0.00648,0.00581,0.00567,0.00479,0.0047,0.00404,0.00581,0.00615,0.0062,0.00624
659.95,,0.00271,0.00282,0.00339,0.00441,0.00308,0.00332,0.00463,0.00322,0.0069,0.00716,0.0061,0.00602,0.00507,0.00462,0.00493,0.00591,0.00635,0.00633,0.0067
660.71,,0.00279,0.00305,0.00377,0.00428,0.00335,0.0039,0.00461,0.00367,0.00726,0.0067,0.0063,0.0054,0.00502,0.00433,0.00399,0.00589,0.00616,0.00639,0.0067
661.47,,0.00318,0.0026,0.0037,0.00409,0.0034,0.00381,0.00439,0.00383,0.00666,0.00676,0.0058,0.00602,0.00469,0.00462,0.0042,0.0054,0.00513,0.00567,0.00602
662.23,,0.00253,0.00241,0.0033,0.0037,0.00341,0.00316,0.00373,0.00332,0.00641,0.00621,0.00534,0.00572,0.00432,0.00451,0.00417,0.00482,0.00543,0.00585,0.00559
662.99,,0.00265,0.00269,0.00308,0.00356,0.00319,0.00292,0.004,0.00341,0.00638,0.00647,0.00544,0.00553,0.0043,0.00454,0.00388,0.00496,0.00514,0.00568,0.00598
663.75,,0.00236,0.00231,0.00298,0.00335,0.00276,0.00343,0.00353,0.00342,0.00634,0.00617,0.00508,0.00578,0.00432,0.00419,0.00409,0.0048,0.00516,0.00565,0.00579
664.51,,0.0031,0.00287,0.00309,0.00386,0.00336,0.00331,0.00393,0.00337,0.00612,0.00609,0.00502,0.00566,0.00437,0.00448,0.00389,0.00501,0.00446,0.00506,0.00563
665.27,,0.00273,0.00242,0.00301,0.00388,0.00298,0.00325,0.00417,0.00303,0.00596,0.00622,0.00522,0.00517,0.00445,0.00423,0.00383,0.005,0.00469,0.00489,0.0058
666.03,,0.00244,0.00252,0.00283,0.00361,0.00299,0.00328,0.00348,0.00315,0.00569,0.00584,0.00473,0.00503,0.00397,0.00392,0.00361,0.0046,0.00465,0.00507,0.00538
666.79,,0.00257,0.00198,0.00232,0.00357,0.00244,0.00277,0.00376,0.00252,0.00576,0.00591,0.00444,0.00486,0.00433,0.00396,0.00354,0.00467,0.00522,0.00527,0.00554
667.55,,0.00303,0.00222,0.0029,0.00383,0.0027,0.003,0.00387,0.00318,0.00556,0.00612,0.0044,0.00519,0.00419,0.00409,0.00355,0.00475,0.00493,0.00526,0.00593
668.31,,0.00255,0.00196,0.00234,0.00322,0.00267,0.00264,0.0034,0.00273,0.00557,0.00598,0.0047,0.00493,0.00408,0.00405,0.0038,0.00457,0.00494,0.00532,0.00527
669.07,,0.00222,0.00251,0.00303,0.00329,0.00281,0.00336,0.00353,0.00306,0.00567,0.00547,0.0042,0.00485,0.00362,0.00366,0.00314,0.00444,0.00449,0.00474,0.00494
669.83,,0.00271,0.00198,0.00227,0.00329,0.00241,0.0027,0.00343,0.00279,0.00598,0.00587,0.00467,0.0046,0.00371,0.00339,0.00314,0.00458,0.00395,0.00436,0.00517
670.58,,0.00278,0.00169,0.00238,0.00341,0.00248,0.00284,0.0037,0.00237,0.00538,0.00605,0.00438,0.00461,0.00387,0.00359,0.00361,0.00433,0.00488,0.0049,0.00531
671.34,,0.00263,0.00178,0.00205,0.00344,0.00214,0.00235,0.00374,0.00237,0.00519,0.00576,0.00435,0.00417,0.00371,0.00325,0.00287,0.00435,0.00403,0.00448,0.00536
672.1,,0.00275,0.00187,0.0025,0.00323,0.00237,0.00261,0.00333,0.00237,0.00542,0.00551,0.0044,0.00431,0.00346,0.00356,0.00311,0.00401,0.00489,0.00521,0.00514
672.86,,0.00279,0.00193,0.0025,0.00349,0.00234,0.00249,0.00331,0.00239,0.00481,0.00552,0.00406,0.00433,0.00405,0.00348,0.00295,0.0043,0.00426,0.00469,0.00522
