Wavenumber (cm-1) / Compound number,1,2,3,4,5
50,3.526825e-70,0,7.44006e-277,0,1.918556e-135
50.84746,7.347034e-69,0,5.574171e-275,0,6.488856e-134
51.69492,1.487182e-67,0,4.115464e-273,0,2.151285e-132
52.54237,2.925095e-66,0,2.994277e-271,0,6.991391e-131
53.38983,5.590358e-65,0,2.14684e-269,0,2.227232e-129
54.23729,1.038157e-63,0,1.516848e-267,0,6.955096e-128
55.08475,1.873314e-62,0,1.056134e-265,0,2.129006e-126
55.9322,3.284596e-61,0,7.246541e-264,0,6.388321e-125
56.77966,5.595992e-60,0,4.899785e-262,0,1.879025e-123
57.62712,9.263949e-59,0,3.26481e-260,0,5.417692e-122
58.47458,1.490181e-57,0,2.143746e-258,0,1.531201e-120
59.32203,2.329194e-56,0,1.38715e-256,0,4.24215e-119
60.16949,3.537499e-55,0,8.845212e-255,0,1.152062e-117
61.01695,5.220484e-54,0,5.558116e-253,0,3.066915e-116
61.86441,7.485987e-53,0,3.441768e-251,0,8.0032e-115
62.71186,1.043065e-51,0,2.100246e-249,0,2.047206e-113
63.55932,1.412203e-50,0,1.262971e-247,0,5.133286e-112
64.40678,1.857835e-49,0,7.484301e-246,0,1.261727e-110
65.25424,2.374876e-48,0,4.370627e-244,0,3.039984e-109
66.10169,2.94984e-47,0,2.51519e-242,0,7.179815e-108
66.94915,3.560246e-46,0,1.426371e-240,0,1.662231e-106
67.79661,4.175277e-45,0,7.971294e-239,0,3.772291e-105
68.64407,4.757891e-44,0,4.389952e-237,0,8.391802e-104
69.49153,5.268263e-43,0,2.382459e-235,0,1.829958e-102
70.33898,5.66819e-42,0,1.274165e-233,0,3.911679e-101
71.18644,5.925775e-41,0,6.715222e-232,0,8.196365e-100
72.0339,6.019629e-40,0,3.487625e-230,0,1.683508e-98
72.88136,5.941802e-39,0,1.784982e-228,0,3.389576e-97
73.72881,5.698893e-38,0,9.002696e-227,0,6.689774e-96
74.57627,5.311127e-37,0,4.474514e-225,0,1.294236e-94
75.42373,4.809576e-36,0,2.191562e-223,0,2.454435e-93
76.27119,4.232049e-35,0,1.057782e-221,0,4.56274e-92
77.11864,3.618416e-34,0,5.031223e-220,0,8.314494e-91
77.9661,3.006146e-33,0,2.358226e-218,0,1.48519e-89
78.81356,2.426753e-32,0,1.08926e-216,0,2.600543e-88
79.66102,1.903553e-31,0,4.958072e-215,0,4.463569e-87
80.50847,1.450869e-30,0,2.223968e-213,0,7.50994e-86
81.35593,1.074522e-29,0,9.830571e-212,0,1.238587e-84
82.20339,7.732609e-29,0,4.282167e-210,0,2.002409e-83
83.05085,5.407055e-28,0,1.838159e-208,0,3.173329e-82
83.89831,3.673833e-27,0,7.775661e-207,0,4.929618e-81
84.74576,2.425504e-26,0,3.241351e-205,0,7.506673e-80
85.59322,1.555995e-25,0,1.331525e-203,0,1.120515e-78
86.44068,9.699257e-25,0,5.390232e-202,0,1.639548e-77
87.28814,5.874793e-24,0,2.150305e-200,0,2.351615e-76
88.13559,3.457566e-23,0,8.453321e-199,0,3.306318e-75
88.98305,1.977299e-22,0,3.274834e-197,0,4.556788e-74
89.83051,1.098748e-21,0,1.250218e-195,0,6.15615e-73
90.67797,5.932632e-21,0,4.703453e-194,0,8.152588e-72
91.52542,3.112582e-20,0,1.743743e-192,0,1.058322e-70
92.37288,1.586785e-19,0,6.370638e-191,0,1.346717e-69
93.22034,7.860299e-19,0,2.293601e-189,0,1.67985e-68
94.0678,3.783415e-18,0,8.137435e-188,0,2.054002e-67
94.91525,1.769509e-17,0,2.845062e-186,0,2.461883e-66
95.76271,8.041655e-17,0,9.802359e-185,0,2.892476e-65
96.61017,3.551092e-16,0,3.328159e-183,0,3.331257e-64
97.45763,1.52371e-15,0,1.113556e-181,0,3.76082e-63
98.30508,6.35282e-15,0,3.671596e-180,0,4.161913e-62
99.15254,2.57368e-14,0,1.192977e-178,0,4.51481e-61
100,1.013133e-13,0,3.819831e-177,0,4.800892e-60
100.8475,3.875274e-13,0,1.205288e-175,0,5.004267e-59
101.6949,1.44033e-12,0,3.747762e-174,0,5.113225e-58
102.5424,5.201703e-12,0,1.148386e-172,0,5.121362e-57
103.3898,1.825378e-11,0,3.467674e-171,0,5.028193e-56
104.2373,6.224209e-11,0,1.031866e-169,0,4.83921e-55
105.0847,2.06224e-10,0,3.025819e-168,0,4.565339e-54
105.9322,6.639238e-10,0,8.743742e-167,0,4.221897e-53
106.7797,2.076926e-09,0,2.489925e-165,0,3.827174e-52
107.6271,6.313173e-09,0,6.987307e-164,0,3.400829e-51
108.4746,1.864654e-08,0,1.932271e-162,0,2.962289e-50
109.322,5.351464e-08,0,5.265757e-161,0,2.529333e-49
110.1695,1.492351e-07,0,1.414126e-159,0,2.116999e-48
111.0169,4.043831e-07,0,3.7424e-158,0,1.736886e-47
111.8644,1.064729e-06,0,9.759935e-157,0,1.396876e-46
112.7119,2.72401e-06,0,2.508293e-155,0,1.101236e-45
113.5593,6.771774e-06,0,6.352492e-154,0,8.510189e-45
114.4068,1.635762e-05,0,1.585421e-152,0,6.446647e-44
115.2542,3.839383e-05,0,3.899238e-151,0,4.787013e-43
116.1017,8.756421e-05,0,9.450386e-150,0,3.484427e-42
116.9492,0.0001940509,0,2.257116e-148,0,2.486188e-41
117.7966,0.000417858,0,5.312427e-147,0,1.738893e-40
118.6441,0.0008743103,0,1.232159e-145,0,1.192196e-39
119.4915,0.001777568,0,2.816274e-144,0,8.01232e-39
120.339,0.003511647,0,6.343336e-143,0,5.278434e-38
121.1864,0.006740921,0,1.407976e-141,0,3.408693e-37
122.0339,0.01257336,0,3.079693e-140,0,2.157778e-36
122.8814,0.02278807,0,6.638258e-139,0,1.338941e-35
123.7288,0.0401317,0,1.410053e-137,0,8.144273e-35
124.5763,0.06867386,0,2.951559e-136,0,4.856006e-34
125.4237,0.1141877,0,6.088385e-135,0,2.838194e-33
126.2712,0.1844891,0,1.23762e-133,0,1.626076e-32
127.1186,0.2896317,0,2.479175e-132,0,9.132208e-32
127.9661,0.44182,0,4.893974e-131,0,5.027437e-31
128.8136,0.6548903,0,9.520302e-130,0,2.713024e-30
129.661,0.9432255,0,1.825049e-128,0,1.435147e-29
130.5085,1.320038,0,3.447726e-127,0,7.441756e-29
131.3559,1.795069,0,6.418385e-126,0,3.7826e-28
132.2034,2.371918,0,1.177479e-124,0,1.884696e-27
133.0508,3.045384,0,2.128705e-123,0,9.205096e-27
133.8983,3.799342,0,3.792385e-122,0,4.407084e-26
134.7458,4.605731,0,6.658001e-121,0,2.068285e-25
135.5932,5.42516,0,1.151887e-119,0,9.514924e-25
136.4407,6.209411,0,1.96386e-118,0,4.290781e-24
137.2881,6.905771,0,3.299483e-117,0,1.896721e-23
138.1356,7.46273,0,5.462807e-116,0,8.218762e-23
138.9831,7.83623,0,8.912928e-115,0,3.490965e-22
139.8305,7.995405,0,1.433044e-113,0,1.453519e-21
140.678,7.926795,0,2.270562e-112,0,5.932417e-21
141.5254,7.636224,0,3.545209e-111,0,2.373443e-20
142.3729,7.147983,0,5.454876e-110,0,9.308118e-20
143.2203,6.50148,0,8.271086e-109,0,3.578335e-19
144.0678,5.74599,0,1.235876e-107,0,1.348454e-18
144.9153,4.934479,0,1.819792e-106,0,4.981123e-18
145.7627,4.117576,0,2.640604e-105,0,1.803659e-17
146.6102,3.338611,0,3.775891e-104,0,6.402029e-17
147.4576,2.630352,0,5.320717e-103,0,2.227495e-16
148.3051,2.013658,0,7.388488e-102,0,7.597173e-16
149.1525,1.497895,0,1.011057e-100,0,2.539939e-15
150,1.082682,0,1.363422e-99,0,8.32397e-15
150.8475,0.7604042,0,1.811839e-98,0,2.674076e-14
151.6949,0.5189336,0,2.372703e-97,0,8.420793e-14
152.5424,0.3441145,0,3.061977e-96,0,2.599371e-13
153.3898,0.2217267,0,3.893992e-95,0,7.865377e-13
154.2373,0.1388216,0,4.880033e-94,0,2.332958e-12
155.0847,0.08445389,0,6.026778e-93,0,6.78313e-12
155.9322,0.04992364,0,7.334697e-92,0,1.933256e-11
156.7797,0.02867588,0,8.796578e-91,0,5.401132e-11
157.6271,0.01600483,0,1.039633e-89,0,1.479163e-10
158.4746,0.008679791,0,1.210824e-88,0,3.97085e-10
159.322,0.004573949,0,1.389685e-87,0,1.044929e-09
160.1695,0.002342056,0,1.571761e-86,0,2.695419e-09
161.0169,0.001165271,0,1.751827e-85,0,6.815562e-09
161.8644,0.000563353,0,1.924113e-84,0,1.689325e-08
162.7119,0.0002646416,0,2.082593e-83,0,4.104502e-08
163.5593,0.0001207979,0,2.22133e-82,0,9.775612e-08
164.4068,5.357777e-05,0,2.334835e-81,0,2.282251e-07
165.2542,2.309052e-05,0,2.418433e-80,0,5.222986e-07
166.1017,9.669558e-06,0,2.468576e-79,0,1.171684e-06
166.9492,3.934628e-06,0,2.483097e-78,0,2.576546e-06
167.7966,1.555703e-06,0,2.461361e-77,0,5.553942e-06
168.6441,5.977128e-07,0,2.404317e-76,0,1.173548e-05
169.4915,2.232309e-07,0,2.314422e-75,0,2.430728e-05
170.339,8.130083e-08,0,2.195473e-74,0,4.935236e-05
171.1864,2.969828e-08,0,2.052336e-73,0,9.822351e-05
172.0339,1.340466e-08,0,1.890615e-72,0,0.000191628
172.8814,1.420524e-08,0,1.716298e-71,0,0.0003664702
173.7288,3.312735e-08,0,1.535383e-70,0,0.000686996
174.5763,9.159698e-08,0,1.353553e-69,0,0.001262426
175.4237,2.524301e-07,0,1.175895e-68,0,0.002274016
176.2712,6.779005e-07,0,1.006692e-67,0,0.004015291
177.1186,1.769506e-06,0,8.49296e-67,0,0.00694987
177.9661,4.488251e-06,0,7.060838e-66,0,0.01179159
178.8136,1.106185e-05,0,5.784795e-65,0,0.01961119
179.661,2.649125e-05,0,4.670404e-64,0,0.03197214
180.5085,6.164544e-05,0,3.715826e-63,0,0.05109465
181.3559,0.0001393874,0,2.913339e-62,0,0.08004148
182.2034,0.0003062455,0,2.250927e-61,0,0.122911
183.0508,0.0006537923,0,1.713824e-60,0,0.1850131
183.8983,0.001356231,0,1.285896e-59,0,0.2729923
184.7458,0.002733705,0,9.507796e-59,0,0.3948518
185.5932,0.005354185,0,6.927693e-58,0,0.559827
186.4407,0.01018964,0,4.9743e-57,0,0.7780538
187.2881,0.01884293,0,3.519735e-56,0,1.059989
188.1356,0.03385803,0,2.454272e-55,0,1.415563
188.9831,0.05911515,0,1.686436e-54,0,1.853075
189.8305,0.1002905,0,1.141962e-53,0,2.377896
190.678,0.1653273,0,7.620232e-53,0,2.991085
191.5254,0.2648216,0,5.010941e-52,0,3.688083
192.3729,0.4121791,0,3.24717e-51,0,4.457676
193.2203,0.6233649,0,2.073602e-50,0,5.281441
194.0678,0.9160573,0,1.304909e-49,0,6.133838
194.9153,1.308057,0,8.092263e-49,0,6.9831
195.7627,1.814909,0,4.945317e-48,0,7.792919
196.6102,2.446846,0,2.978194e-47,0,8.524877
197.4576,3.205401,0,1.767447e-46,0,9.141386
198.3051,4.080205,0,1.033652e-45,0,9.608864
199.1525,5.046676,0,5.957132e-45,0,9.900748
200,6.065307,0,3.383254e-44,0,10
200.8475,7.083109,0,1.893505e-43,0,9.900748
201.6949,8.037462,0,1.044319e-42,0,9.608864
202.5424,8.862124,0,5.675894e-42,0,9.141386
203.3898,9.494685,0,3.039976e-41,0,8.524877
204.2373,9.884328,0,1.604503e-40,0,7.792919
205.0847,9.998564,0,8.34537e-40,0,6.9831
205.9322,9.827701,0,4.277453e-39,0,6.133838
206.7797,9.386207,0,2.160526e-38,0,5.281441
207.6271,8.710682,0,1.075396e-37,2.524675e-321,4.457676
208.4746,7.854852,0,5.274873e-37,1.69589e-318,3.688083
209.322,6.882525,0,2.549706e-36,1.103492e-315,2.991085
210.1695,5.859781,0,1.214515e-35,6.976904e-313,2.377896
211.0169,4.847735,0,5.700991e-35,4.286278e-310,1.853075
211.8644,3.896908,0,2.637135e-34,2.558714e-307,1.415563
212.7119,3.043865,0,1.202123e-33,1.484182e-304,1.059989
213.5593,2.310226,0,5.400082e-33,8.3652e-302,0.7780538
214.4068,1.703756,0,2.390486e-32,4.581307e-299,0.559827
215.2542,1.220911,0,1.042814e-31,2.437958e-296,0.3948518
216.1017,0.8501287,0,4.482929e-31,1.260628e-293,0.2729923
216.9492,0.5751871,0,1.899117e-30,6.333906e-291,0.1850131
217.7966,0.3781442,0,7.928226e-30,3.092289e-288,0.122911
218.6441,0.2415626,0,3.261632e-29,1.46694e-285,0.08004148
219.4915,0.1499428,0,1.322296e-28,6.761898e-283,0.05109465
220.339,0.0904369,0,5.282711e-28,3.028647e-280,0.03197214
221.1864,0.05300165,0,2.079791e-27,1.318113e-277,0.01961119
222.0339,0.03018263,0,8.068954e-27,5.574171e-275,0.01179159
222.8814,0.01670123,0,3.084959e-26,2.290509e-272,0.00694987
223.7288,0.008979743,0,1.162294e-25,9.145499e-270,0.004015291
224.5763,0.004691407,0,4.315364e-25,3.548189e-267,0.002274016
225.4237,0.002381585,0,1.578896e-24,1.337611e-264,0.001262426
226.2712,0.001174771,0,5.692775e-24,4.899785e-262,0.000686996
227.1186,0.0005630719,0,2.02269e-23,1.744006e-259,0.0003664702
227.9661,0.0002622397,0,7.082214e-23,6.031741e-257,0.000191628
228.8136,0.0001186744,0,2.443675e-22,2.027035e-254,9.822351e-05
229.661,5.218424e-05,0,8.309074e-22,6.619174e-252,4.935236e-05
230.5085,2.229696e-05,0,2.784174e-21,2.100246e-249,2.430728e-05
231.3559,9.257115e-06,0,9.193368e-21,6.475307e-247,1.173548e-05
232.2034,3.734475e-06,0,2.99149e-20,1.939878e-244,5.553942e-06
233.0508,1.463886e-06,0,9.592574e-20,5.64693e-242,2.576546e-06
233.8983,5.575823e-07,0,3.031219e-19,1.597255e-239,1.171684e-06
234.7458,2.063643e-07,0,9.439178e-19,4.389952e-237,5.222986e-07
235.5932,7.421367e-08,0,2.896581e-18,1.172382e-234,2.282251e-07
236.4407,2.593326e-08,0,8.759346e-18,3.042304e-232,9.775612e-08
237.2881,8.805504e-09,2.470328e-322,2.610312e-17,7.671139e-230,4.104502e-08
238.1356,2.905194e-09,1.800869e-319,7.665627e-17,1.879494e-227,1.689325e-08
238.9831,9.313651e-10,1.185278e-316,2.218388e-16,4.474514e-225,6.815562e-09
239.8305,2.901273e-10,7.580614e-314,6.32648e-16,1.035082e-222,2.695419e-09
240.678,8.781751e-11,4.710993e-311,1.777957e-15,2.32663e-220,1.044929e-09
241.5254,2.58284e-11,2.844752e-308,4.923966e-15,5.081639e-218,3.97085e-10
242.3729,7.381383e-12,1.669168e-305,1.343827e-14,1.07846e-215,1.479163e-10
243.2203,2.049754e-12,9.516555e-303,3.614153e-14,2.223968e-213,5.401132e-11
244.0678,5.530823e-13,5.272095e-300,9.578647e-14,4.456322e-211,1.933256e-11
244.9153,1.450112e-13,2.837988e-297,2.501707e-13,8.676578e-209,6.78313e-12
245.7627,3.694343e-14,1.484437e-294,6.438777e-13,1.641513e-206,2.332958e-12
246.6102,9.145275e-15,7.544611e-292,1.63307e-12,3.017616e-204,7.865377e-13
247.4576,2.199785e-15,3.725939e-289,4.081699e-12,5.390232e-202,2.599371e-13
248.3051,5.141471e-16,1.787963e-286,1.005337e-11,9.355669e-200,8.420793e-14
249.1525,1.167666e-16,8.336912e-284,2.440154e-11,1.577851e-197,2.674076e-14
250,2.576757e-17,3.77725e-281,5.836563e-11,2.585718e-195,8.32397e-15
250.8475,5.525255e-18,1.662915e-278,1.375726e-10,4.117372e-193,2.539939e-15
251.6949,1.151211e-18,7.113581e-276,3.195516e-10,6.370638e-191,7.597173e-16
252.5424,2.330674e-19,2.956857e-273,7.314505e-10,9.577885e-189,2.227495e-16
253.3898,4.584922e-20,1.194253e-270,1.649922e-09,1.399201e-186,6.402029e-17
254.2373,8.764077e-21,4.686905e-268,3.667554e-09,1.986161e-184,1.803659e-17
255.0847,1.627812e-21,1.78731e-265,8.03386e-09,2.739509e-182,4.981123e-18
255.9322,2.937827e-22,6.622734e-263,1.73423e-08,3.671596e-180,1.348454e-18
256.7797,5.151955e-23,2.384507e-260,3.689127e-08,4.781464e-178,3.578335e-19
257.6271,8.778934e-24,8.342263e-258,7.733484e-08,6.050492e-176,9.308118e-20
258.4746,1.453568e-24,2.835913e-255,1.597576e-07,7.439511e-174,2.373443e-20
259.322,2.338583e-25,9.367548e-253,3.252238e-07,8.888366e-172,5.932417e-21
260.1695,3.655897e-26,3.006649e-250,6.524357e-07,1.031866e-169,1.453519e-21
261.0169,5.553402e-27,9.376989e-248,1.289816e-06,1.163988e-167,3.490965e-22
261.8644,8.196871e-28,2.841633e-245,2.512769e-06,1.275844e-165,8.218762e-23
262.7119,1.175604e-28,8.367511e-243,4.824051e-06,1.358847e-163,1.896721e-23
263.5593,1.638316e-29,2.394134e-240,9.126533e-06,1.406266e-161,4.290781e-24
264.4068,2.218494e-30,6.656174e-238,1.70151e-05,1.414126e-159,9.514924e-25
265.2542,2.919057e-31,1.798145e-235,3.126062e-05,1.38176e-157,2.068285e-25
266.1017,3.73208e-32,4.72007e-233,5.659726e-05,1.311901e-155,4.407084e-26
266.9492,4.636423e-33,1.203916e-230,0.0001009783,1.210301e-153,9.205096e-27
267.7966,5.59679e-34,2.983786e-228,0.0001775395,1.08495e-151,1.884696e-27
268.6441,6.564761e-35,7.1856e-226,0.0003076073,9.450386e-150,3.7826e-28
269.4915,7.482084e-36,1.681443e-223,0.0005252099,7.998589e-148,7.441756e-29
270.339,8.2861e-37,3.823186e-221,0.000883698,6.57811e-146,1.435147e-29
271.1864,8.916647e-38,8.446803e-219,0.001465242,5.256694e-144,2.713024e-30
272.0339,9.323455e-39,1.813356e-216,0.00239414,4.081766e-142,5.027437e-31
272.8814,9.472749e-40,3.782665e-214,0.003855,3.079693e-140,9.132208e-32
273.7288,9.351882e-41,7.667193e-212,0.006116934,2.257826e-138,1.626076e-32
274.5763,8.971104e-42,1.510076e-209,0.009564842,1.608413e-136,2.838194e-33
275.4237,8.362124e-43,2.889915e-207,0.01473861,1.113341e-134,4.856006e-34
276.2712,7.573754e-44,5.373969e-205,0.0223805,7.488297e-133,8.144273e-35
277.1186,6.665452e-45,9.710222e-203,0.03349019,4.893974e-131,1.338941e-35
277.9661,5.699962e-46,1.704853e-200,0.04938558,3.107879e-129,2.157778e-36
278.8136,4.736288e-47,2.908497e-198,0.07176577,1.917743e-127,3.408693e-37
279.661,3.82409e-48,4.821412e-196,0.1027706,1.149848e-125,5.278434e-38
280.5085,3.000143e-49,7.766112e-194,0.1450292,6.69907e-124,8.01232e-39
281.3559,2.287071e-50,1.215505e-191,0.2016863,3.792385e-122,1.192196e-39
282.2034,1.694109e-51,1.848562e-189,0.2763962,2.086095e-120,1.738893e-40
283.0508,1.219345e-52,2.731713e-187,0.3732694,1.115012e-118,2.486188e-41
283.8983,8.527781e-54,3.922472e-185,0.4967607,5.790941e-117,3.484427e-42
284.7458,5.79521e-55,5.472788e-183,0.6514885,2.922419e-115,4.787013e-43
285.5932,3.826716e-56,7.419611e-181,0.8419783,1.433044e-113,6.446647e-44
286.4407,2.455314e-57,9.774118e-179,1.072333,6.828112e-112,8.510189e-45
287.2881,1.530777e-58,1.251117e-176,1.345839,3.161298e-110,1.101236e-45
288.1356,9.273431e-60,1.556116e-174,1.664527,1.422179e-108,1.396876e-46
288.9831,5.458746e-61,1.880659e-172,2.028727,6.216799e-107,1.736886e-47
289.8305,3.122261e-62,2.208523e-170,2.436637,2.640604e-105,2.116999e-48
290.678,1.735279e-63,2.520099e-168,2.883983,1.089842e-103,2.529333e-49
291.5254,9.371162e-65,2.794198e-166,3.363792,4.370667e-102,2.962289e-50
292.3729,4.917466e-66,3.010375e-164,3.866342,1.703161e-100,3.400829e-51
293.2203,2.507339e-67,3.151432e-162,4.379312,6.44893e-99,3.827174e-52
294.0678,1.242249e-68,3.205672e-160,4.88817,2.372703e-97,4.221897e-53
294.9153,5.980372e-70,3.168502e-158,5.376767,8.482483e-96,4.565339e-54
295.7627,2.797509e-71,3.043077e-156,5.828151,2.946636e-94,4.83921e-55
296.6102,1.271565e-72,2.839851e-154,6.225511,9.946122e-93,5.028193e-56
297.4576,5.616034e-74,2.575148e-152,6.553206,3.262158e-91,5.121362e-57
298.3051,2.410153e-75,2.26899e-150,6.797783,1.039633e-89,5.113225e-58
299.1525,1.00504e-76,1.942616e-148,6.948889,3.219429e-88,5.004267e-59
300,4.072359e-78,1.616088e-146,7,9.687276e-87,4.800892e-60
300.8475,1.603365e-79,1.306373e-144,6.948889,2.832359e-85,4.51481e-61
301.6949,6.133987e-81,1.026108e-142,6.797783,8.046717e-84,4.161913e-62
302.5424,2.280221e-82,7.83146e-141,6.553206,2.22133e-82,3.76082e-63
303.3898,8.236356e-84,5.807863e-139,6.225511,5.958422e-81,3.331257e-64
304.2373,2.890793e-85,4.185177e-137,5.828151,1.553007e-79,2.892476e-65
305.0847,9.858771e-87,2.930455e-135,5.376767,3.933138e-78,2.461883e-66
305.9322,3.267025e-88,1.993794e-133,4.88817,9.678966e-77,2.054002e-67
306.7797,1.051976e-89,1.318103e-131,4.379312,2.314422e-75,1.67985e-68
307.6271,3.29142e-91,8.467246e-130,3.866342,5.377496e-74,1.346717e-69
308.4746,1.000655e-92,5.28517e-128,3.363792,1.214064e-72,1.058322e-70
309.322,2.956035e-94,3.205528e-126,2.883983,2.66334e-71,8.152588e-72
310.1695,8.485129e-96,1.889139e-124,2.436637,5.67722e-70,6.15615e-73
311.0169,2.366635e-97,1.081813e-122,2.028727,1.175895e-68,4.556788e-74
311.8644,6.413984e-99,6.019557e-121,1.664527,2.366603e-67,3.306318e-75
312.7119,1.689073e-100,3.254622e-119,1.345839,4.628135e-66,2.351615e-76
313.5593,4.322083e-102,1.70986e-117,1.072333,8.794487e-65,1.639548e-77
314.4068,1.075205e-103,8.728592e-116,0.8419783,1.623824e-63,1.120515e-78
315.2542,3.431416e-105,4.32964e-114,0.6514885,2.913339e-62,7.506673e-80
316.1017,1.210821e-104,2.086812e-112,0.4967607,5.078871e-61,4.929618e-81
316.9492,1.712623e-103,9.773242e-111,0.3732694,8.60334e-60,3.173329e-82
317.7966,2.39918e-102,4.447519e-109,0.2763962,1.41609e-58,2.002409e-83
318.6441,3.31209e-101,1.966622e-107,0.2016863,2.264845e-57,1.238587e-84
319.4915,4.505842e-100,8.449826e-106,0.1450292,3.519735e-56,7.50994e-86
320.339,6.040661e-99,3.527756e-104,0.1027706,5.315026e-55,4.463569e-87
321.1864,7.980453e-98,1.431111e-102,0.07176577,7.798743e-54,2.600543e-88
322.0339,1.038975e-96,5.641202e-101,0.04938558,1.111905e-52,1.48519e-89
322.8814,1.332962e-95,2.160698e-99,0.03349019,1.540404e-51,8.314494e-91
323.7288,1.685251e-94,8.041558e-98,0.0223805,2.073602e-50,4.56274e-92
324.5763,2.099647e-93,2.908106e-96,0.01473861,2.712315e-49,2.454435e-93
325.4237,2.577879e-92,1.02189e-94,0.009564842,3.447296e-48,1.294236e-94
326.2712,3.118985e-91,3.489169e-93,0.006116934,4.257366e-47,6.689774e-96
327.1186,3.718765e-90,1.157614e-91,0.003855,5.108897e-46,3.389576e-97
327.9661,4.36937e-89,3.731892e-90,0.00239414,5.957132e-45,1.683508e-98
328.8136,5.059103e-88,1.169011e-88,0.001465242,6.749494e-44,8.196365e-100
329.661,5.772486e-87,3.558211e-87,0.000883698,7.430688e-43,3.911679e-101
330.5085,6.49063e-86,1.052371e-85,0.0005252099,7.948967e-42,1.829958e-102
331.3559,7.191929e-85,3.024333e-84,0.0003076073,8.26259e-41,8.391802e-104
332.2034,7.853054e-84,8.445288e-83,0.0001775395,8.34537e-40,3.772291e-105
333.0508,8.450189e-83,2.291517e-81,0.0001009783,8.190281e-39,1.662231e-106
333.8983,8.96043e-82,6.04165e-80,5.659726e-05,7.810448e-38,7.179815e-108
334.7458,9.363235e-81,1.54779e-78,3.126062e-05,7.237305e-37,3.039984e-109
335.5932,9.641788e-80,3.852939e-77,1.70151e-05,6.516309e-36,1.261727e-110
336.4407,9.784168e-79,9.319578e-76,9.126533e-06,5.700991e-35,5.133286e-112
337.2881,9.784189e-78,2.190404e-74,4.824051e-06,4.846441e-34,2.047206e-113
338.1356,9.64185e-77,5.002372e-73,2.512769e-06,4.003311e-33,8.0032e-115
338.9831,9.363334e-76,1.110073e-71,1.289816e-06,3.213213e-32,3.066915e-116
339.8305,8.960564e-75,2.393598e-70,6.524357e-07,2.506015e-31,1.152062e-117
340.678,8.450351e-74,5.015042e-69,3.252238e-07,1.899117e-30,4.24215e-119
341.5254,7.853238e-73,1.020991e-67,1.597576e-07,1.398439e-29,1.531201e-120
342.3729,7.192128e-72,2.019728e-66,7.733484e-08,1.000597e-28,5.417692e-122
343.2203,6.490837e-71,3.882289e-65,3.689127e-08,6.956626e-28,1.879025e-123
344.0678,5.772695e-70,7.251145e-64,1.73423e-08,4.699613e-27,6.388321e-125
344.9153,5.059308e-69,1.31598e-62,8.03386e-09,3.084959e-26,2.129006e-126
345.7627,4.369566e-68,2.320683e-61,3.667554e-09,1.967707e-25,6.955096e-128
346.6102,3.718947e-67,3.976548e-60,1.649922e-09,1.219538e-24,2.227232e-129
347.4576,3.119151e-66,6.620952e-59,7.314505e-10,7.344366e-24,6.991391e-131
348.3051,2.578027e-65,1.07117e-57,3.195516e-10,4.297709e-23,2.151285e-132
349.1525,2.099776e-64,1.683916e-56,1.375726e-10,2.443675e-22,6.488856e-134
350,1.685362e-63,2.572209e-55,5.836563e-11,1.350125e-21,1.918556e-135
350.8475,1.333055e-62,3.817825e-54,2.440154e-11,7.248167e-21,5.560537e-137
351.6949,1.039053e-61,5.506169e-53,1.005337e-11,3.780997e-20,1.579774e-138
352.5424,7.981082e-61,7.716261e-52,4.081699e-12,1.916498e-19,4.399561e-140
353.3898,6.041163e-60,1.050723e-50,1.63307e-12,9.439178e-19,1.201046e-141
354.2373,4.506236e-59,1.390251e-49,6.438777e-13,4.517352e-18,3.214001e-143
355.0847,3.312393e-58,1.787402e-48,2.501707e-13,2.100668e-17,8.430792e-145
355.9322,2.39941e-57,2.23293e-47,9.578647e-14,9.491938e-17,2.167838e-146
356.7797,1.71278e-56,2.710515e-46,3.614153e-14,4.167505e-16,5.464131e-148
357.6271,1.204852e-55,3.197071e-45,1.343827e-14,1.777957e-15,1.350055e-149
358.4746,8.352183e-55,3.664179e-44,4.923966e-15,7.370387e-15,3.269775e-151
359.322,5.705597e-54,4.080609e-43,1.777957e-15,2.968815e-14,7.762835e-153
360.1695,3.840934e-53,4.415675e-42,6.32648e-16,1.161983e-13,1.806587e-154
361.0169,2.548045e-52,4.64294e-41,2.218388e-16,4.419167e-13,4.121291e-156
361.8644,1.665759e-51,4.743653e-40,7.665627e-17,1.63307e-12,9.216026e-158
362.7119,1.073128e-50,4.709303e-39,2.610312e-17,5.863989e-12,2.02018e-159
363.5593,6.812804e-50,4.542806e-38,8.759346e-18,2.045999e-11,4.340829e-161
364.4068,4.262209e-49,4.258097e-37,2.896581e-18,6.936515e-11,9.143051e-163
365.2542,2.627714e-48,3.878206e-36,9.439178e-19,2.285079e-10,1.887755e-164
366.1017,1.596453e-47,3.43218e-35,3.031219e-19,7.314505e-10,3.820641e-166
366.9492,9.558041e-47,2.951433e-34,9.592574e-20,2.275058e-09,7.579887e-168
367.7966,5.639183e-46,2.466152e-33,2.99149e-20,6.875811e-09,1.474094e-169
368.6441,3.278673e-45,2.002306e-32,9.193368e-21,2.0192e-08,2.810113e-171
369.4915,1.878515e-44,1.579665e-31,2.784174e-21,5.761803e-08,5.251198e-173
370.339,1.060635e-43,1.210943e-30,8.309074e-22,1.597576e-07,9.61898e-175
371.1864,5.901354e-43,9.019985e-30,2.443675e-22,4.304159e-07,1.727172e-176
372.0339,3.235728e-42,6.528478e-29,7.082214e-23,1.12678e-06,3.040033e-178
372.8814,1.748345e-41,4.591367e-28,2.02269e-23,2.866247e-06,5.245137e-180
373.7288,9.309294e-41,3.137587e-27,5.692775e-24,7.084547e-06,8.870978e-182
374.5763,4.884735e-40,2.083404e-26,1.578896e-24,1.70151e-05,1.470693e-183
375.4237,2.525806e-39,1.344235e-25,4.315364e-25,3.970824e-05,2.39006e-185
376.2712,1.287044e-38,8.427535e-25,1.162294e-25,9.004314e-05,3.807426e-187
377.1186,6.462813e-38,5.133929e-24,3.084959e-26,0.0001984013,5.945525e-189
377.9661,3.198044e-37,3.038946e-23,8.068954e-27,0.0004247782,9.100912e-191
378.8136,1.559487e-36,1.747914e-22,2.079791e-27,0.000883698,1.365575e-192
379.661,7.494002e-36,9.768792e-22,5.282711e-28,0.001786361,2.008549e-194
380.5085,3.548791e-35,5.305003e-21,1.322296e-28,0.0035088,2.89591e-196
381.3559,1.656081e-34,2.799331e-20,3.261632e-29,0.006696869,4.092832e-198
382.2034,7.615835e-34,1.435313e-19,7.928226e-30,0.01241964,5.670203e-200
383.0508,3.451342e-33,7.150937e-19,1.899117e-30,0.0223805,7.700332e-202
383.8983,1.541321e-32,3.461809e-18,4.482929e-31,0.03918813,1.025076e-203
384.7458,6.783173e-32,1.628423e-17,1.042814e-31,0.06667502,1.337639e-205
385.5932,2.94176e-31,7.44312e-17,2.390486e-32,0.1102289,1.711031e-207
386.4407,1.257234e-30,3.305725e-16,5.400082e-33,0.1770728,2.145422e-209
387.2881,5.294926e-30,1.4266e-15,1.202123e-33,0.2763962,2.63696e-211
388.1356,2.197547e-29,5.982212e-15,2.637135e-34,0.4192144,3.177096e-213
388.9831,8.987749e-29,2.437503e-14,5.700991e-35,0.617823,3.752263e-215
389.8305,3.622417e-28,9.650555e-14,1.214515e-35,0.8847404,4.344024e-217
390.678,1.438734e-27,3.712644e-13,2.549706e-36,1.231095,4.929775e-219
391.5254,5.631152e-27,1.387836e-12,5.274873e-37,1.664527,5.484007e-221
392.3729,2.171944e-26,5.041003e-12,1.075396e-37,2.186826,5.980051e-223
393.2203,8.255332e-26,1.779179e-11,2.160526e-38,2.791654,6.392163e-225
394.0678,3.092111e-25,6.101632e-11,4.277453e-39,3.462841,6.697717e-227
394.9153,1.141328e-24,2.033276e-10,8.34537e-40,4.17376,6.879261e-229
395.7627,4.151453e-24,6.583708e-10,1.604504e-40,4.88817,6.926164e-231
396.6102,1.488074e-23,2.071422e-09,3.04039e-41,5.562742,6.835649e-233
397.4576,5.256342e-23,6.332723e-09,5.912598e-42,6.151137,6.613064e-235
398.3051,1.829689e-22,1.881205e-08,1.353555e-41,6.609152,6.27136e-237
399.1525,6.276328e-22,5.430075e-08,6.088147e-40,6.900173,5.829846e-239
400,2.121625e-21,1.522998e-07,2.738037e-38,7,1.009349e-240
400.8475,7.067505e-21,4.150655e-07,1.137291e-36,6.900173,5.644229e-237
401.6949,2.320055e-20,1.099152e-06,4.361625e-35,6.609152,6.152084e-233
402.5424,7.505249e-20,2.828283e-06,1.544434e-33,6.151137,6.191335e-229
403.3898,2.39258e-19,7.071504e-06,5.049335e-32,5.562742,5.752947e-225
404.2373,7.516274e-19,1.718006e-05,1.524204e-30,4.88817,4.935606e-221
405.0847,2.326876e-18,4.055657e-05,4.248115e-29,4.17376,3.909621e-217
405.9322,7.098695e-18,9.302972e-05,1.093184e-27,3.462841,2.859387e-213
406.7797,2.134118e-17,0.000207351,2.597374e-26,2.791654,1.93088e-209
407.6271,6.32256e-17,0.0004490702,5.697964e-25,2.186826,1.203875e-205
408.4746,1.845874e-16,0.0009450316,1.154115e-23,1.664527,6.930298e-202
409.322,5.310628e-16,0.001932423,2.158352e-22,1.231095,3.683548e-198
410.1695,1.505651e-15,0.003839565,3.72683e-21,0.8847404,1.807694e-194
411.0169,4.206659e-15,0.007412857,5.941567e-20,0.617823,8.190821e-191
411.8644,1.158204e-14,0.01390635,8.745939e-19,0.4192144,3.426684e-187
412.7119,3.142442e-14,0.02534921,1.188655e-17,0.2763962,1.323624e-183
413.5593,8.402027e-14,0.04489931,1.49159e-16,0.1770728,4.720624e-180
414.4068,2.213786e-13,0.07727496,1.728173e-15,0.1102289,1.554455e-176
415.2542,5.748066e-13,0.1292295,1.84871e-14,0.06667502,4.726079e-173
416.1017,1.470762e-12,0.2099948,1.825974e-13,0.03918813,1.326685e-169
416.9492,3.708496e-12,0.331573,1.665192e-12,0.0223805,3.438577e-166
417.7966,9.21484e-12,0.508714,1.402097e-11,0.01241964,8.228746e-163
418.6441,2.256381e-11,0.758389,1.090024e-10,0.006696869,1.818162e-159
419.4915,5.444671e-11,1.098586,7.824163e-10,0.0035088,3.709161e-156
420.339,1.294689e-10,1.546323,5.185419e-09,0.001786361,6.986551e-153
421.1864,3.033849e-10,2.114902,3.173028e-08,0.000883698,1.21505e-149
422.0339,7.00579e-10,2.810633,1.792701e-07,0.0004247782,1.951054e-146
422.8814,1.594244e-09,3.629458,9.351604e-07,0.0001984013,2.892601e-143
423.7288,3.575091e-09,4.554107,4.504103e-06,9.004314e-05,3.959605e-140
424.5763,7.900492e-09,5.552501,2.00297e-05,3.970824e-05,5.004483e-137
425.4237,1.720504e-08,6.57806,8.224032e-05,1.70151e-05,5.83997e-134
426.2712,3.692257e-08,7.572355,0.0003117735,7.084547e-06,6.292252e-131
427.1186,7.808412e-08,8.470088,0.001091283,2.866247e-06,6.259586e-128
427.9661,1.627302e-07,9.205954,0.003526793,1.12678e-06,5.749489e-125
428.8136,3.342014e-07,9.722403,0.01052365,4.304159e-07,4.875923e-122
429.661,6.763679e-07,9.977062,0.02899326,1.597576e-07,3.817935e-119
430.5085,1.348939e-06,9.948473,0.07375163,5.761803e-08,2.760224e-116
431.3559,2.651162e-06,9.639103,0.1732169,2.0192e-08,1.842485e-113
432.2034,5.134696e-06,9.07502,0.3756237,6.875811e-09,1.135554e-110
433.0508,9.800042e-06,8.302352,0.7520725,2.275058e-09,6.461834e-108
433.8983,1.843214e-05,7.381218,1.390306,7.314505e-10,3.395062e-105
434.7458,3.416317e-05,6.378342,2.373042,2.285079e-10,1.646963e-102
435.5932,6.239866e-05,5.359715,3.739765,6.936516e-11,7.376728e-100
436.4407,0.0001123122,4.384596,5.441608,2.046e-11,3.050618e-97
437.2881,0.0001992109,3.50174,7.31062,5.864034e-12,1.164813e-94
438.1356,0.0003482043,2.748217,9.068288,1.633202e-12,4.106466e-92
438.9831,0.0005997768,2.150545,10.38581,4.42297e-13,1.336671e-89
439.8305,0.001018075,1.727365,10.98246,1.172829e-13,4.017212e-87
440.678,0.00170296,1.492456,10.72267,3.273608e-14,1.114729e-84
441.5254,0.002807139,1.456801,9.666073,1.581147e-14,2.855996e-82
442.3729,0.004559928,1.628618,8.045284,2.4815e-14,6.756006e-80
443.2203,0.007299391,2.010863,6.18268,6.237366e-14,1.475593e-77
444.0678,0.01151463,2.596637,4.386884,1.643003e-13,2.975686e-75
444.9153,0.01789978,3.363922,2.873953,4.288851e-13,5.540535e-73
445.7627,0.02742081,4.271856,1.73839,1.103795e-12,9.524899e-71
446.6102,0.04139495,5.2609,0.9708648,2.79955e-12,1.511865e-68
447.4576,0.06158134,6.25843,0.5006271,6.997199e-12,2.215694e-66
448.3051,0.09027875,7.189661,0.2383494,1.723435e-11,2.998131e-64
449.1525,0.1304237,7.991767,0.104775,4.18312e-11,3.745722e-62
450,0.1856787,8.627378,0.04252512,1.000554e-10,4.320803e-60
450.8475,0.2604968,9.093168,0.01593593,2.358387e-10,4.601903e-58
451.6949,0.3601449,9.420273,0.005513829,5.478028e-10,4.525374e-56
452.5424,0.4906669,9.665638,0.001761462,1.253915e-09,4.108805e-54
453.3898,0.6587655,9.896263,0.0005195618,2.828438e-09,3.444456e-52
454.2373,0.8715846,10.17058,0.0001414964,6.287236e-09,2.66606e-50
455.0847,1.136378,10.52213,3.55793e-05,1.377233e-08,1.905299e-48
455.9322,1.460061,10.94975,8.260256e-06,2.972965e-08,1.257188e-46
456.7797,1.848645,11.41675,1.770654e-06,6.324218e-08,7.65917e-45
457.6271,2.306591,11.85854,3.504434e-07,1.32574e-07,4.308312e-43
458.4746,2.836106,12.19633,6.403925e-08,2.738701e-07,2.23757e-41
459.322,3.436442,12.35333,1.080485e-08,5.575265e-07,1.072976e-39
460.1695,4.103269,12.2695,1.683197e-09,1.118461e-06,4.75059e-38
461.0169,4.828205,11.91205,2.421004e-10,2.211114e-06,1.942e-36
461.8644,5.598556,11.28013,3.215141e-11,4.307604e-06,7.329846e-35
462.7119,6.397363,10.40353,3.94229e-12,8.269802e-06,2.554374e-33
463.5593,7.203782,9.336497,4.463146e-13,1.564549e-05,8.218987e-32
464.4068,7.993827,8.148411,4.665281e-14,2.916874e-05,2.441721e-30
465.2542,8.741452,6.913461,4.50255e-15,5.358964e-05,6.697581e-29
466.1017,9.419915,5.701134,4.012207e-16,9.702388e-05,1.696227e-27
466.9492,10.00334,4.56896,3.30105e-17,0.0001731056,3.966375e-26
467.7966,10.46834,3.558229,2.507639e-18,0.0003043534,8.563431e-25
468.6441,10.79556,2.692737,1.758822e-19,0.0005273268,1.707049e-23
469.4915,10.97102,1.980106,1.138998e-20,0.0009003599,3.141868e-22
470.339,10.98711,1.414855,6.810326e-22,0.001514911,5.339175e-21
471.1864,10.84313,0.9823411,3.759733e-23,0.002511844,8.377306e-20
472.0339,10.54534,0.6627319,1.916417e-24,0.00410424,1.213609e-18
472.8814,10.1065,0.4344481,9.019184e-26,0.006608571,1.623293e-17
473.7288,9.544998,0.2767338,3.919119e-27,0.01048617,2.004746e-16
474.5763,8.883528,0.1712815,1.572367e-28,0.01639687,2.285945e-15
475.4237,8.147601,0.1030108,5.82456e-30,0.02526619,2.406668e-14
476.2712,7.363913,0.06019756,1.992125e-31,0.03836657,2.339434e-13
477.1186,6.558766,0.03418211,6.290917e-33,0.05741176,2.099662e-12
477.9661,5.756656,0.01886005,1.834237e-34,0.084661,1.739931e-11
478.8136,4.979125,0.01011138,4.937885e-36,0.123027,1.331247e-10
479.661,4.243951,0.00526747,1.227356e-37,0.1761783,9.404363e-10
480.5085,3.564695,0.002666352,2.816723e-39,0.2486215,6.134006e-09
481.3559,2.950591,0.001311465,5.968455e-41,0.345748,3.694052e-08
482.2034,2.406746,0.000626787,1.167679e-42,0.4738221,2.054026e-07
483.0508,1.934577,0.0002910764,2.109257e-44,0.6398904,1.054515e-06
483.8983,1.532416,0.0001313463,3.517866e-46,0.8515898,4.998548e-06
484.7458,1.196194,5.759074e-05,5.417179e-48,1.116837,2.187655e-05
485.5932,0.920156,2.453642e-05,7.702136e-50,1.443391,8.840116e-05
486.4407,0.6975186,1.015766e-05,1.011098e-51,1.838285,0.0003298231
487.2881,0.5210565,4.086016e-06,1.225517e-53,2.307152,0.001136183
488.1356,0.3835733,1.597093e-06,1.37148e-55,2.853476,0.003613762
488.9831,0.2782573,6.065746e-07,1.41711e-57,3.477817,0.01061243
489.8305,0.1989204,2.238526e-07,1.351953e-59,4.177092,0.02877493
490.678,0.1401351,8.027196e-08,1.190869e-61,4.94397,0.07203733
491.5254,0.09728569,2.796981e-08,9.685238e-64,5.7665,0.1665118
492.3729,0.06655576,9.46976e-09,7.272784e-66,6.628014,0.3553666
493.2203,0.0448701,3.115389e-09,5.042374e-68,7.507393,0.7002485
494.0678,0.02981007,9.958857e-10,3.227852e-70,8.379719,1.274007
494.9153,0.01951657,3.09336e-10,1.907814e-72,9.217315,2.140107
495.7627,0.01259154,9.336314e-11,1.041124e-74,9.991116,3.319274
496.6102,0.008005501,2.738068e-11,5.245819e-77,10.6723,4.753297
497.4576,0.005015716,7.802554e-12,2.440439e-79,11.23407,6.28479
498.3051,0.003096792,2.160495e-12,1.048254e-81,11.65334,7.672389
499.1525,0.001884194,5.81291e-13,4.157282e-84,11.91238,8.647977
500,0.001129728,1.5197e-13,1.522286e-86,12,9
500.8475,0.0006675086,3.860521e-14,5.14668e-89,11.91238,8.647977
501.6949,0.0003886641,9.52923e-15,1.606579e-91,11.65334,7.672389
502.5424,0.0002230112,2.285565e-15,4.630428e-94,11.23407,6.28479
503.3898,0.0001260995,5.326638e-16,1.232208e-96,10.6723,4.753297
504.2373,7.026431e-05,1.206248e-16,3.027549e-99,9.991116,3.319274
505.0847,3.858254e-05,2.654264e-17,6.868191e-102,9.217315,2.140107
505.9322,2.087764e-05,5.675123e-18,1.438592e-104,8.379719,1.274007
506.7797,1.113286e-05,1.179045e-18,2.782126e-107,7.507393,0.7002485
507.6271,5.850145e-06,2.380177e-19,4.967755e-110,6.628014,0.3553666
508.4746,3.029432e-06,4.668873e-20,8.190068e-113,5.7665,0.1665118
509.322,1.545932e-06,8.898948e-21,1.246691e-115,4.94397,0.07203733
510.1695,7.77417e-07,1.648121e-21,1.752162e-118,4.177092,0.02877493
511.0169,3.852587e-07,2.965948e-22,2.273704e-121,3.477817,0.01061243
511.8644,1.881419e-07,5.186349e-23,2.72419e-124,2.853476,0.003613762
512.7119,9.054262e-08,8.812189e-24,3.013596e-127,2.307152,0.001136183
513.5593,4.293933e-08,1.454889e-24,3.078057e-130,1.838285,0.0003298231
514.4068,2.006745e-08,2.333993e-25,2.902768e-133,1.443391,8.840116e-05
515.2542,9.241951e-09,3.638255e-26,2.527506e-136,1.116837,2.187655e-05
516.1017,4.194399e-09,5.51075e-27,2.031964e-139,0.8515898,4.998548e-06
516.9492,1.875904e-09,8.110583e-28,1.508286e-142,0.6398904,1.054515e-06
517.7966,8.267722e-10,1.159891e-28,1.033703e-145,0.4738221,2.054026e-07
518.6441,3.590838e-10,1.611782e-29,6.541114e-149,0.345748,3.694052e-08
519.4915,1.536882e-10,2.176303e-30,3.821657e-152,0.2486215,6.134006e-09
520.339,6.482159e-11,2.855329e-31,2.061559e-155,0.1761783,9.404363e-10
521.1864,2.694223e-11,3.640129e-32,1.026795e-158,0.123027,1.331247e-10
522.0339,1.103524e-11,4.509219e-33,4.721893e-162,0.084661,1.739931e-11
522.8814,4.454152e-12,5.427623e-34,2.004898e-165,0.05741176,2.099662e-12
523.7288,1.77167e-12,6.348073e-35,7.85982e-169,0.03836657,2.339434e-13
524.5763,6.944406e-13,7.214364e-36,2.844965e-172,0.02526619,2.406668e-14
525.4237,2.682391e-13,7.966691e-37,9.507916e-176,0.01639687,2.285945e-15
526.2712,1.021042e-13,8.54834e-38,2.933849e-179,0.01048617,2.004746e-16
527.1186,3.830009e-14,8.912704e-39,8.358614e-183,0.006608571,1.623293e-17
527.9661,1.415763e-14,9.029444e-40,2.198745e-186,0.00410424,1.213609e-18
528.8136,5.157225e-15,8.888662e-41,5.340223e-190,0.002511844,8.377306e-20
529.661,1.851297e-15,8.502285e-42,1.197535e-193,0.001514911,5.339175e-21
530.5085,6.548937e-16,7.902395e-43,2.479481e-197,0.0009003599,3.141868e-22
531.3559,2.282969e-16,7.136836e-44,4.739991e-201,0.0005273268,1.707049e-23
532.2034,7.842672e-17,6.262915e-45,8.366393e-205,0.0003043534,8.563431e-25
533.0508,2.654988e-17,5.340368e-46,1.363462e-208,0.0001731056,3.966375e-26
533.8983,8.857186e-18,4.42476e-47,2.051597e-212,9.702388e-05,1.696227e-27
534.7458,2.911813e-18,3.562314e-48,2.850263e-216,5.358964e-05,6.697581e-29
535.5932,9.43335e-19,2.786753e-49,3.656133e-220,2.916874e-05,2.441721e-30
536.4407,3.011639e-19,2.118305e-50,4.330151e-224,1.564549e-05,8.218987e-32
537.2881,9.4749e-20,1.564597e-51,4.735089e-228,8.269802e-06,2.554374e-33
538.1356,2.937521e-20,1.122898e-52,4.780764e-232,4.307604e-06,7.329846e-35
538.9831,8.974739e-21,7.830726e-54,4.45667e-236,2.211114e-06,1.942e-36
539.8305,2.702075e-21,5.306249e-55,3.835904e-240,1.118461e-06,4.75059e-38
540.678,8.016919e-22,3.493792e-56,3.04838e-244,5.575265e-07,1.072976e-39
541.5254,2.343971e-22,2.235271e-57,2.236735e-248,2.738701e-07,2.23757e-41
542.3729,6.753542e-23,1.389592e-58,1.515318e-252,1.32574e-07,4.308312e-43
543.2203,1.917545e-23,8.393989e-60,9.478499e-257,6.324218e-08,7.65917e-45
544.0678,5.365303e-24,4.926894e-61,5.481374e-261,2.972965e-08,1.257188e-46
544.9153,1.479372e-24,2.809972e-62,3.97515e-265,1.377233e-08,1.905299e-48
545.7627,4.019716e-25,1.557236e-63,1.53122e-267,6.287236e-09,2.66606e-50
546.6102,1.076336e-25,8.385538e-65,2.146906e-269,2.828438e-09,3.444456e-52
547.4576,2.840109e-26,4.387642e-66,2.994277e-271,1.253915e-09,4.108805e-54
548.3051,7.385106e-27,2.230773e-67,4.115464e-273,5.478028e-10,4.525374e-56
549.1525,1.892401e-27,1.102055e-68,5.574171e-275,2.358387e-10,4.601903e-58
550,4.778637e-28,5.290238e-70,7.44006e-277,1.000554e-10,4.320803e-60
550.8475,1.189131e-28,2.467578e-71,9.786043e-279,4.18312e-11,3.745722e-62
551.6949,2.916016e-29,1.118383e-72,1.268447e-280,1.723435e-11,2.998131e-64
552.5424,7.046683e-30,4.925314e-74,1.620214e-282,6.997199e-12,2.215694e-66
553.3898,1.678086e-30,2.107663e-75,2.039422e-284,2.799549e-12,1.511865e-68
554.2373,3.938023e-31,8.763797e-77,2.529742e-286,1.10379e-12,9.524899e-71
555.0847,9.107035e-32,3.540848e-78,3.092289e-288,4.288641e-13,5.540535e-73
555.9322,2.075441e-32,1.390101e-79,3.724934e-290,1.642054e-13,2.975686e-75
556.7797,4.660991e-33,5.302845e-81,4.421724e-292,6.195691e-14,1.475593e-77
557.6271,1.031528e-33,1.965602e-82,5.172486e-294,2.303704e-14,6.756006e-80
558.4746,2.249666e-34,7.079555e-84,5.962682e-296,8.441085e-15,2.855996e-82
559.322,4.834927e-35,2.477652e-85,6.773585e-298,3.047927e-15,1.114729e-84
560.1695,1.023991e-35,8.425553e-87,7.582809e-300,1.084539e-15,4.017212e-87
561.0169,2.137162e-36,2.784072e-88,8.3652e-302,3.802952e-16,1.336671e-89
561.8644,4.395549e-37,8.938946e-90,9.094046e-304,1.314107e-16,4.106466e-92
562.7119,8.908886e-38,2.788791e-91,9.742548e-306,4.47482e-17,1.164813e-94
563.5593,1.779378e-38,8.454144e-93,1.028543e-307,1.501602e-17,3.050618e-97
564.4068,3.502256e-39,2.490274e-94,1.070058e-309,4.965567e-18,7.376728e-100
565.2542,6.793007e-40,7.127683e-96,1.09705e-311,1.618145e-18,1.646963e-102
566.1017,1.298407e-40,1.982319e-97,1.108359e-313,5.196376e-19,3.395062e-105
566.9492,2.44565e-41,5.357012e-99,1.103492e-315,1.644441e-19,6.461834e-108
567.7966,4.539545e-42,1.40668e-100,1.08266e-317,5.128269e-20,1.135554e-110
568.6441,8.303572e-43,3.589155e-102,1.046876e-319,1.576006e-20,1.842485e-113
569.4915,1.49676e-43,8.898418e-104,1.002953e-321,4.772869e-21,2.760224e-116
570.339,2.658729e-44,2.143667e-105,0,1.424413e-21,3.817935e-119
571.1864,4.654046e-45,5.017941e-107,0,4.189158e-22,4.875923e-122
572.0339,8.028267e-46,1.141347e-108,0,1.214094e-22,5.749489e-125
572.8814,1.364733e-46,2.522515e-110,0,3.467468e-23,6.259586e-128
573.7288,2.286167e-47,5.417185e-112,0,9.759043e-24,6.292252e-131
574.5763,3.774009e-48,1.130414e-113,0,2.706678e-24,5.83997e-134
575.4237,6.139495e-49,2.292055e-115,0,7.397767e-25,5.004483e-137
576.2712,9.842306e-50,4.515819e-117,0,1.992504e-25,3.959605e-140
577.1186,1.554876e-50,8.645137e-119,0,5.288501e-26,2.892601e-143
577.9661,2.420635e-51,1.608167e-120,0,1.383249e-26,1.951054e-146
578.8136,3.713619e-52,2.906793e-122,0,3.565356e-27,1.21505e-149
579.661,5.614358e-53,5.105297e-124,0,9.056077e-28,6.986551e-153
580.5085,8.364452e-54,8.71268e-126,0,2.266793e-28,3.709161e-156
581.3559,1.228031e-54,1.444796e-127,0,5.59137e-29,1.818162e-159
582.2034,1.776708e-55,2.32801e-129,0,1.359124e-29,8.228746e-163
583.0508,2.533129e-56,3.644913e-131,0,3.255628e-30,3.438577e-166
583.8983,3.559042e-57,5.545152e-133,0,7.685021e-31,1.326685e-169
584.7458,4.927693e-58,8.197161e-135,0,1.787681e-31,4.726079e-173
585.5932,6.723396e-59,1.177436e-136,0,4.097976e-32,1.554455e-176
586.4407,9.04e-60,1.643369e-138,0,9.257283e-33,4.720624e-180
587.2881,1.197796e-60,2.228727e-140,0,2.060783e-33,1.323624e-183
588.1356,1.563982e-61,2.936989e-142,0,4.520803e-34,3.426684e-187
588.9831,2.012405e-62,3.760726e-144,0,9.773128e-35,8.190821e-191
589.8305,2.551723e-63,4.679127e-146,0,2.082026e-35,1.807694e-194
590.678,3.188499e-64,5.656945e-148,0,4.370925e-36,3.683548e-198
591.5254,3.926212e-65,6.645426e-150,0,9.04264e-37,6.930298e-202
592.3729,4.764264e-66,7.58556e-152,0,1.843536e-37,1.203875e-205
593.2203,5.697083e-67,8.413492e-154,0,3.703759e-38,1.93088e-209
594.0678,6.71342e-68,9.067525e-156,0,7.332777e-39,2.859387e-213
594.9153,7.795963e-69,9.49566e-158,0,1.430635e-39,3.909621e-217
595.7627,8.921345e-70,9.662408e-160,0,2.750577e-40,4.935606e-221
596.6102,1.006064e-70,9.553653e-162,0,5.211387e-41,5.752947e-225
597.4576,1.118035e-71,9.17862e-164,0,9.730104e-42,6.191335e-229
598.3051,1.22439e-72,8.568586e-166,0,1.790261e-42,6.152084e-233
599.1525,1.321353e-73,7.772573e-168,0,3.246009e-43,5.644224e-237
600,1.405246e-74,6.850848e-170,0,5.799864e-44,4.781128e-241
